date,pattern_type,detected,criterion_1_volatility_amplification,criterion_2_directional_followthrough,criterion_3_strike_convergence,criterion_4_range_expansion,realized_vol_t1,forecast_vol,price_change,distance_t,distance_t1,intraday_range,avg_5day_range
2024-04-24,0dte_hedging,False,False,True,False,False,0.8389228547120178,1.31059361125966,-0.2399999999999522,,,4.240000000000009,6.554439999999988
2024-05-24,gamma_positioning,False,False,True,False,False,0.6401103052281675,0.7257054694825315,3.480000000000018,,,3.38900000000001,3.834019999999987
2024-12-11,gamma_positioning,False,False,True,False,False,0.483159384980072,0.4833721786560406,4.660000000000082,,,2.934999999999945,2.9269999999999983
2024-04-05,stock_pinning,False,True,True,False,True,1.240283162625632,0.8566141763422095,5.3599999999999,,,6.430000000000064,4.427480000000014
2024-05-15,0dte_hedging,False,True,True,False,True,0.924912227717183,0.5896050454237468,6.480000000000018,,,4.900000000000091,3.0694799999999987
2024-04-26,gamma_positioning,False,False,True,False,False,0.8224137252587271,1.240996290795073,4.769999999999982,,,4.180000000000007,6.224439999999982
2024-04-12,stock_pinning,False,True,True,False,False,1.3183909170989665,1.026870137007828,-7.149999999999977,,,6.735000000000071,5.317999999999984
2024-10-10,stock_pinning,False,False,True,False,False,0.5363372849877688,0.8503512074938305,-1.009999999999991,,,3.090000000000032,4.8625
2024-05-31,gamma_positioning,False,True,True,False,True,1.733128543527312,0.795737628599541,4.759999999999991,,,9.139999999999986,4.189799999999991
2024-12-04,stock_pinning,False,True,True,False,False,0.4871145048217626,0.4810914633084195,3.75,,,2.9599999999999227,2.8938000000000104
2024-05-31,0dte_hedging,False,True,True,False,True,1.733128543527312,0.795737628599541,4.759999999999991,,,9.139999999999986,4.189799999999991
2024-06-24,gamma_positioning,False,True,True,False,False,0.7978037365957992,0.7082793605625624,-1.7699999999999818,,,4.330000000000041,3.86855999999998
2024-01-09,0dte_hedging,False,False,True,False,False,0.7554655186967132,0.873958934844414,-0.7200000000000273,,,3.579999999999984,4.1139999999999874
2024-12-11,0dte_hedging,False,False,True,False,False,0.483159384980072,0.4833721786560406,4.660000000000082,,,2.934999999999945,2.9269999999999983
2024-08-19,stock_pinning,False,True,True,False,False,1.0275012955451115,0.8763491211147514,5.300000000000068,,,5.75,4.772000000000003
2024-11-14,0dte_hedging,False,True,True,False,True,0.8696384933007445,0.6524908964729462,-3.840000000000032,,,5.159999999999968,3.897019999999975
2024-05-06,0dte_hedging,False,False,True,False,False,0.6407650463635246,1.1791598850495253,5.28000000000003,,,3.310000000000059,5.94699999999998
2024-10-01,0dte_hedging,False,True,True,False,True,1.417853751187078,0.7568717140331865,-5.139999999999986,,,8.062199999999962,4.330000000000018
2024-02-12,stock_pinning,False,True,True,False,False,0.650724579823544,0.5719046162755073,-0.2199999999999704,,,3.259999999999991,2.839559999999972
2024-01-08,stock_pinning,False,True,True,False,True,1.3590391908975956,0.7526888708311186,6.680000000000007,,,6.449999999999989,3.529999999999987
2024-08-13,stock_pinning,False,False,True,False,False,1.1069293779056897,1.735790051863819,8.769999999999982,,,6.0,9.119619999999989
2024-05-30,0dte_hedging,False,False,True,False,False,0.7405139587837976,0.7903221138939099,-3.490000000000009,,,3.870000000000005,4.171799999999985
2024-04-30,stock_pinning,False,True,True,False,True,1.5100203195346396,0.998183480533019,-8.079999999999984,,,7.579999999999984,5.051439999999991
2024-04-23,stock_pinning,False,True,True,False,False,1.2967863146445104,1.2216333455305282,5.92999999999995,,,6.557199999999966,6.100999999999999
2024-12-04,gamma_positioning,False,True,True,False,False,0.4871145048217626,0.4810914633084195,3.75,,,2.9599999999999227,2.8938000000000104
2024-06-14,gamma_positioning,False,False,True,False,False,0.5453406536718233,0.7543802800064731,0.3299999999999272,,,2.9599999999999227,4.058000000000016
2024-04-04,stock_pinning,False,True,True,False,True,2.1658643070146333,0.5658424465026378,-6.339999999999918,,,11.11239999999998,2.950000000000023
2024-05-28,gamma_positioning,False,False,True,False,False,0.6417394915158222,0.770622421452712,0.3699999999998908,,,3.3999999999999773,4.071820000000002
2024-11-11,stock_pinning,False,False,True,False,False,0.5294274834658225,0.8375738167288487,0.5699999999999363,,,3.169999999999959,4.899019999999996
2024-08-21,0dte_hedging,False,True,True,False,True,1.316399700331775,0.8070200307466673,1.919999999999959,,,7.3799999999999955,4.469000000000006
2024-01-08,0dte_hedging,False,True,True,False,True,1.3590391908975956,0.7526888708311186,6.680000000000007,,,6.449999999999989,3.529999999999987
2024-11-29,gamma_positioning,False,False,True,False,False,0.6588664841092071,0.77629085389733,3.7199999999999136,,,3.9700000000000273,4.631499999999983
2024-11-22,gamma_positioning,False,False,True,False,False,0.5033500696881573,1.062300284035944,1.840000000000032,,,2.997499999999945,6.266999999999984
2024-07-17,stock_pinning,False,False,True,False,False,0.7002549646281425,0.820010721224372,-7.919999999999959,,,3.899999999999977,4.589419999999973
2024-11-29,stock_pinning,False,False,True,False,False,0.6588664841092071,0.77629085389733,3.7199999999999136,,,3.9700000000000273,4.631499999999983
2024-04-09,stock_pinning,False,True,True,False,False,1.2323808056689474,0.9923822504600908,0.6000000000000227,,,6.399999999999977,5.123480000000018
2024-10-18,stock_pinning,False,False,True,False,False,0.4806787663148438,0.796061491566745,2.240000000000009,,,2.809999999999945,4.629000000000019
2024-05-21,0dte_hedging,False,False,True,False,False,0.461080999698873,0.5960454724462423,1.3000000000000682,,,2.449999999999932,3.148380000000043
2024-07-31,gamma_positioning,False,False,True,False,False,1.0747989324812637,1.3937956216542449,8.809999999999945,,,5.920100000000048,7.548000000000002
2024-06-26,stock_pinning,False,False,True,False,False,0.5884401752488564,0.6070154195445431,0.67999999999995,,,3.2100000000000364,3.310000000000014
2024-11-18,gamma_positioning,False,False,True,False,False,0.7056023123352848,0.804142598870478,2.3999999999999773,,,4.149999999999977,4.77199999999998
2024-07-17,0dte_hedging,False,False,True,False,False,0.7002549646281425,0.820010721224372,-7.919999999999959,,,3.899999999999977,4.589419999999973
2024-02-14,stock_pinning,False,True,True,False,True,0.9366789016587472,0.6997768729138484,4.490000000000009,,,4.670000000000016,3.482999999999981
2024-12-05,0dte_hedging,False,False,True,False,False,0.3585204233013662,0.4699652924339311,-1.0,,,2.175000000000068,2.8337999999999965
2024-11-27,gamma_positioning,False,False,True,False,False,0.5961625169079788,0.865695099033938,-1.8199999999999363,,,3.57000000000005,5.149499999999966
2024-02-07,stock_pinning,False,False,True,False,False,0.6364183898815416,1.0130837839654698,4.1200000000000045,,,3.169999999999959,4.963819999999987
2024-12-10,0dte_hedging,False,True,True,False,True,0.6088254810882481,0.4218478467906937,-1.8799999999999957,,,3.669999999999959,2.556799999999998
2024-10-15,0dte_hedging,False,True,True,False,True,1.096105419296978,0.7423003206035971,-4.540000000000077,,,6.355000000000018,4.292020000000025
2024-07-16,gamma_positioning,False,False,True,False,False,0.5417271536309786,0.7858656938982599,3.330000000000041,,,3.059999999999945,4.389439999999968
2024-06-13,gamma_positioning,False,False,True,False,False,0.6885427228315999,0.7191667790192504,1.0900000000000318,,,3.7350000000000136,3.859000000000015
2024-10-15,gamma_positioning,False,True,True,False,True,1.096105419296978,0.7423003206035971,-4.540000000000077,,,6.355000000000018,4.292020000000025
2024-10-18,0dte_hedging,False,False,True,False,False,0.4806787663148438,0.796061491566745,2.240000000000009,,,2.809999999999945,4.629000000000019
2024-06-21,gamma_positioning,False,False,True,False,False,0.4830030669776488,0.7493872917333526,-2.490000000000009,,,2.6299999999999955,4.089559999999983
2024-06-05,gamma_positioning,False,True,True,False,False,1.115566611180732,0.9813366936554138,6.279999999999973,,,5.9646000000000186,5.169999999999959
2024-09-30,gamma_positioning,False,True,True,False,True,1.0980200780814198,0.615646408898408,2.289999999999964,,,6.2999999999999545,3.5165000000000197
2024-04-02,stock_pinning,False,False,True,False,False,0.4818441137923059,0.5171334510138894,-3.3199999999999363,,,2.5,2.6970000000000254
2024-07-26,0dte_hedging,False,False,True,False,False,1.0469473220189636,1.202776888389605,6.030000000000086,,,5.7000000000000455,6.55300000000002
2024-04-10,0dte_hedging,False,False,True,False,False,0.7916439741694422,1.1424895888354192,-5.2000000000000455,,,4.069999999999936,5.903480000000013
2024-04-10,gamma_positioning,False,False,True,False,False,0.7916439741694422,1.1424895888354192,-5.2000000000000455,,,4.069999999999936,5.903480000000013
2024-09-30,stock_pinning,False,True,True,False,True,1.0980200780814198,0.615646408898408,2.289999999999964,,,6.2999999999999545,3.5165000000000197
2024-10-01,gamma_positioning,False,True,True,False,True,1.417853751187078,0.7568717140331865,-5.139999999999986,,,8.062199999999962,4.330000000000018
2024-08-23,stock_pinning,False,True,True,False,False,1.0317897995125804,1.0251195353438731,5.909999999999968,,,5.800000000000068,5.7209999999999805
2024-06-28,stock_pinning,False,True,True,False,True,1.3468817757524396,0.5611876951778896,-2.1499999999999773,,,7.329999999999927,3.0560000000000174
2024-11-27,stock_pinning,False,False,True,False,False,0.5961625169079788,0.865695099033938,-1.8199999999999363,,,3.57000000000005,5.149499999999966
2024-05-30,stock_pinning,False,False,True,False,False,0.7405139587837976,0.7903221138939099,-3.490000000000009,,,3.870000000000005,4.171799999999985
2024-07-16,0dte_hedging,False,False,True,False,False,0.5417271536309786,0.7858656938982599,3.330000000000041,,,3.059999999999945,4.389439999999968
2024-06-25,gamma_positioning,False,False,True,False,False,0.5065800341390875,0.7587719771473577,2.090000000000032,,,2.759999999999991,4.142560000000003
2024-05-10,gamma_positioning,False,False,True,False,False,0.5846325167037784,0.6014252090624275,0.6700000000000728,,,3.044999999999959,3.104480000000001
2024-07-01,gamma_positioning,False,False,True,False,False,0.6161293871713085,0.7339634369328477,1.1200000000000043,,,3.3600000000000136,3.996000000000004
2024-06-20,gamma_positioning,False,True,True,False,False,0.903107861060339,0.7098917724250845,-1.490000000000009,,,4.940000000000055,3.865559999999982
2024-07-26,gamma_positioning,False,False,True,False,False,1.0469473220189636,1.202776888389605,6.030000000000086,,,5.7000000000000455,6.55300000000002
2024-02-01,stock_pinning,False,True,True,False,True,1.109975470155357,0.7173386548354165,6.319999999999993,,,5.430000000000007,3.494259999999997
2024-04-08,stock_pinning,False,False,True,False,False,0.4414713140036944,1.0346992945384683,0.2900000000000773,,,2.289999999999964,5.347480000000019
2024-11-14,stock_pinning,False,True,True,False,True,0.8696384933007445,0.6524908964729462,-3.840000000000032,,,5.159999999999968,3.897019999999975
2024-09-06,gamma_positioning,False,True,True,False,True,2.250351617440219,1.316893266235588,-9.25,,,12.159999999999968,7.3058999999999745
2024-07-10,stock_pinning,False,,,,,,,,,,,
2024-05-24,0dte_hedging,False,False,True,False,False,0.6401103052281675,0.7257054694825315,3.480000000000018,,,3.38900000000001,3.834019999999987
2024-01-09,stock_pinning,False,False,True,False,False,0.7554655186967132,0.873958934844414,-0.7200000000000273,,,3.579999999999984,4.1139999999999874
2024-07-23,gamma_positioning,False,False,True,False,False,0.6247968507349555,0.9553771393169193,-0.8700000000000045,,,3.4600000000000364,5.294000000000006
2024-09-06,stock_pinning,False,True,True,False,True,2.250351617440219,1.316893266235588,-9.25,,,12.159999999999968,7.3058999999999745
2024-01-31,stock_pinning,False,True,True,False,True,1.2883739231278963,0.6198690660317541,-8.009999999999991,,,6.221299999999985,3.027620000000001
2024-07-12,0dte_hedging,False,True,True,False,True,1.1643065054733088,0.624587000279632,3.509999999999991,,,6.519999999999982,3.4660199999999803
2024-06-17,gamma_positioning,False,True,True,False,True,1.26536282215316,0.7003428509198598,4.32000000000005,,,6.922799999999938,3.778999999999997
2024-10-29,stock_pinning,False,False,True,False,False,0.7695481032023118,0.8099152378744481,0.9399999999999408,,,4.477000000000089,4.694720000000006
2024-05-31,stock_pinning,False,True,True,False,True,1.733128543527312,0.795737628599541,4.759999999999991,,,9.139999999999986,4.189799999999991
2024-11-15,0dte_hedging,False,True,True,False,True,1.0823730260350033,0.7038518148574131,-7.600000000000023,,,6.340000000000032,4.1989999999999785
2024-01-09,gamma_positioning,False,False,True,False,False,0.7554655186967132,0.873958934844414,-0.7200000000000273,,,3.579999999999984,4.1139999999999874
2024-01-12,stock_pinning,False,False,True,False,False,0.7069732315180004,0.9904990122894148,0.3299999999999841,,,3.3700000000000045,4.695619999999996
2024-08-12,gamma_positioning,False,False,True,False,False,0.8963564423275214,2.071034206592874,0.2799999999999727,,,4.779999999999973,10.825620000000004
2024-08-21,stock_pinning,False,True,True,False,True,1.316399700331775,0.8070200307466673,1.919999999999959,,,7.3799999999999955,4.469000000000006
2024-06-07,stock_pinning,False,False,True,False,False,0.8155277991048892,1.0850920301164853,-0.6499999999999773,,,4.355000000000018,5.748919999999975
2024-03-26,stock_pinning,False,True,True,False,False,0.6129411537942723,0.6004989604969543,-0.9600000000000364,,,3.180000000000064,3.1180000000000065
2024-02-13,stock_pinning,False,True,True,False,True,1.290276878238342,0.5336280521874311,-6.900000000000034,,,6.375,2.6619999999999777
2024-11-08,stock_pinning,False,False,True,False,False,0.5809191059696789,0.8940574093763234,2.580000000000041,,,3.4750000000000227,5.190019999999981
2024-07-10,gamma_positioning,False,,,,,,,,,,,
2024-07-12,stock_pinning,False,True,True,False,True,1.1643065054733088,0.624587000279632,3.509999999999991,,,6.519999999999982,3.4660199999999803
2024-10-29,gamma_positioning,False,False,True,False,False,0.7695481032023118,0.8099152378744481,0.9399999999999408,,,4.477000000000089,4.694720000000006
2024-06-11,gamma_positioning,False,True,True,False,False,0.9237359158208466,0.7750018423823006,1.2900000000000773,,,4.960000000000036,4.133919999999989
2024-10-15,stock_pinning,False,True,True,False,True,1.096105419296978,0.7423003206035971,-4.540000000000077,,,6.355000000000018,4.292020000000025
2024-11-22,stock_pinning,False,False,True,False,False,0.5033500696881573,1.062300284035944,1.840000000000032,,,2.997499999999945,6.266999999999984
