date,total_gex,gex_sign,gex_oi,gex_volume,activity_ratio,zero_gamma_proximity,spot_above_flip,intraday_range,close_open_change,spot_price,economic_regime
2024-01-02,33014493130.99355,1,261242900.75221103,-2712007961.63229,10.381173818784957,1.0,1,0.0067350050830227185,0.0010377838021008816,472.87,transitional
2024-01-03,33274220098.80606,1,3794459809.603481,3504659783.6728754,0.9236254854519359,1.0,1,0.006419658610207644,-0.003486172225410765,468.81,stable_positive
2024-01-04,34419985209.91426,1,3510134951.719031,4206789549.2051682,1.1984694625900245,1.0,1,0.008349348708093035,-0.002178090967328718,467.58000000000004,stable_positive
2024-01-10,34361751631.1851,1,-4185319598.8565755,-3285800785.3205414,0.7850776285324108,1.0,1,0.007546186941116935,0.005061582588155849,476.65,elevated_risk
2024-01-11,37274367120.5748,1,-2782201624.7184205,-8032990610.302069,2.887278383756629,1.0,1,0.012269938650306778,-0.0025963692707132737,476.34,elevated_risk
2024-01-16,37999326864.59155,1,950675458.9413362,-2273965258.014782,2.3919469432260825,1.0,1,0.007469174767495697,-0.0006943567731346718,475.0,transitional
2024-01-17,39436914574.98233,1,5277143826.191061,-3561183424.501257,0.674831602433631,1.0,1,0.00618880081386973,0.000996142596753057,472.19,transitional
2024-01-18,39047675048.95622,1,-2552697846.7321444,-11500443808.03732,4.505211544233369,1.0,1,0.009788823020611351,0.005231957131706121,476.15,elevated_risk
2024-01-19,25468729920.499733,1,-4488627428.834728,-10550384353.248573,2.3504700536011094,1.0,1,0.012943787291950249,0.010007327541086632,482.63,elevated_risk
2024-01-22,28899065899.225395,1,-4073846384.938759,-4823246902.557866,1.1839540441165586,1.0,1,0.005041218156649769,-0.0011570008884114011,483.39,elevated_risk
2024-01-23,32440999920.668633,1,-5287844737.261405,-5691377280.480183,1.0763132359721608,1.0,1,0.004576351728270143,0.0017561620627673453,484.96,elevated_risk
2024-01-24,32372804311.939903,1,-3770744819.569002,1241776242.8366702,0.32931855701086815,1.0,1,0.007970521309526267,-0.004960947910046977,484.85,high_fragility
2024-01-25,34387670488.11166,1,-4104671988.164771,-7265685635.277651,1.7701014006057503,1.0,1,0.005978567399887239,0.0009331897656770427,487.82,elevated_risk
2024-01-26,33503262259.21696,1,-2469728128.9170465,-3246132980.9458017,1.3143685505048694,1.0,1,0.005291330831231125,-0.00036916261613230373,487.26,elevated_risk
2024-01-29,30519401967.236065,1,-3786312708.9495726,-4527787068.765978,1.1958301959750468,1.0,1,0.008703586000451078,0.007258114120517425,490.82,elevated_risk
2024-01-30,31424441885.780655,1,-2428323474.3517203,-3692055030.3329444,1.5204131860227548,1.0,1,0.003078114807566844,0.0006727005870841163,490.07,elevated_risk
2024-01-31,34825087839.62399,1,5502868694.579891,9100695820.894169,1.6538093721658298,1.0,1,0.012732389177684059,-0.011747370144488577,483.37,stable_positive
2024-02-01,32623090463.032757,1,-2719947701.650459,-6225129005.548818,2.2886943751791335,1.0,1,0.011204423993562113,0.009429874337123152,490.18,elevated_risk
2024-02-05,35832332826.59208,1,-3702152920.729823,-7550193645.769401,2.039406206991848,1.0,1,0.008401543463069224,-0.002319245688127248,492.62,elevated_risk
2024-02-06,36618337396.79066,1,-4233234691.321738,-13562930442.545914,3.203916492121342,1.0,1,0.0045996109580158494,0.0009320797536068172,493.61,elevated_risk
2024-02-07,31958112761.90718,1,-6984273724.048153,-7885901737.070728,1.1290940258996582,1.0,1,0.006387394466944647,0.003647061194059929,497.85,elevated_risk
2024-02-08,35506157864.59698,1,-5059600087.997276,-6312454142.922472,1.2476191859307815,1.0,1,0.002911062035735773,0.0004416783778357166,498.36,elevated_risk
2024-02-12,33016707701.59221,1,-2603466455.829736,-4473334025.8711,1.7182222631884954,1.0,1,0.006504778817566875,-0.00037911287587045854,500.63,elevated_risk
2024-02-14,41019942554.83544,1,-5846241403.041273,-8742800145.383121,1.4954565750287063,1.0,1,0.009400350248596017,0.0035830028784797855,498.89,elevated_risk
2024-02-15,39402255669.16098,1,-9015280212.046816,-10129847678.399916,1.1236309288383228,1.0,1,0.006819683951210664,0.005447735784814377,502.24,elevated_risk
2024-02-20,35443218598.81697,1,2136810662.3946798,-5041611016.546253,2.359409331520381,1.0,1,0.007956280639717183,-0.0019287953065981603,496.39,transitional
2024-02-21,37817845951.17122,1,-25688919.44898382,-2793449334.443219,108.7414104743016,1.0,1,0.007690444471357641,0.0036130959589842225,497.02,high_fragility
2024-02-22,30072040088.958305,1,-7944888428.215241,-11041588963.900476,1.3897726901598397,1.0,1,0.010852959266681271,0.006924465784409058,507.43,elevated_risk
2024-02-26,36731560848.90987,1,-1701355339.6444092,6294997226.154764,3.6999896961386365,1.0,1,0.005685618729096963,-0.0045445602990360065,505.99,transitional
2024-02-27,38046417258.81739,1,-2433022619.3884177,-1329335533.3980877,0.5463720406069382,1.0,1,0.004756266035129317,0.00045391750542731044,506.96,high_fragility
2024-02-28,37442978117.569305,1,1216168270.2299838,-3943334688.7679515,3.2424252344802964,1.0,1,0.003750024736311002,0.001840381532859729,505.32,transitional
2024-02-29,38985298046.49097,1,-3933315900.6636443,-11127448453.802294,2.8290248570995344,1.0,1,0.008640541657645573,1.9682327238354763e-05,508.02,elevated_risk
2024-03-04,33784411774.893833,1,-871285107.3897597,-1235446159.439921,1.4179585407366062,1.0,1,0.004296623244731843,0.0005273128527624979,512.04,high_fragility
2024-03-05,38102241040.84665,1,4941170808.528467,4126225713.543961,0.8350704465472212,1.0,1,0.011347601128880455,-0.005997177798682977,507.6,stable_positive
2024-03-06,36965691226.90005,1,-553279533.8361864,3365375102.5824175,6.082594595987404,1.0,1,0.00714719420233071,-0.0015669376162961734,509.90000000000003,transitional
2024-03-07,33617777535.86064,1,-4001626181.356084,-2753746461.389008,0.6881568483880245,1.0,1,0.01185777760455236,0.003254472463655063,514.56,high_fragility
2024-03-11,34795576772.30952,1,-1191636333.8766236,-247856287.41907617,0.2079965845055695,1.0,1,0.006621219244632493,0.0015671524839365979,511.34000000000003,high_fragility
2024-03-12,36049019721.14738,1,-9027899995.396442,-5932833189.946827,0.657166472044676,1.0,1,0.012698412698412662,0.006485539000876282,516.83,elevated_risk
2024-03-13,38441644956.49268,1,-6232163944.566654,-3193713164.4572873,0.512456538830568,1.0,1,0.005414708669335256,-0.002204559958229364,516.1,elevated_risk
2024-03-14,38766846914.78196,1,-3784294636.9416203,-35342865952.1887,9.339353655811532,1.0,1,0.010261717314350943,-0.003907383407160922,514.6800000000001,elevated_risk
2024-03-15,29844939288.926304,1,4579649346.496279,-1688473886.9465594,0.36869064838738114,1.0,1,0.007012798651535593,-0.0007447913604202102,509.93,transitional
2024-03-18,30626824144.15844,1,674940272.6258332,5175955377.315832,7.668760610741075,1.0,1,0.005914396887159462,-0.0022178988326847985,512.96,stable_positive
2024-03-19,32563332070.563267,1,-161053373.6521175,129951186.5908575,0.8068827348600465,1.0,1,0.009518695694620717,0.006951088548276987,515.8199999999999,high_fragility
2024-03-20,29730335394.32537,1,-4666441677.974324,-3497903607.042451,0.7495869119189058,1.0,1,0.010741221862458003,0.009131977431801067,520.92,elevated_risk
2024-03-21,32284686878.215763,1,-6300714186.473975,1453246243.8373833,0.23064786004055413,1.0,1,0.004203366514453936,-0.0022736391600908326,522.3,high_fragility
2024-03-25,35407145519.1759,1,406876805.49579483,29277914.484316953,0.07195768863904813,1.0,1,0.0025779145825318046,-5.7714505579016386e-05,519.89,stable_positive
2024-03-26,37683389158.32522,1,1493624417.3985512,3806302340.87306,2.548366441077942,1.0,1,0.006100953513804009,-0.004642863994781714,519.14,stable_positive
2024-03-27,37155697221.29879,1,-6698252605.808342,-10747798287.01752,1.6045674774489163,1.0,1,0.00713998198232739,0.002798489582334865,523.26,elevated_risk
2024-04-01,33630153481.279736,1,-1670572492.6224208,-7830450793.75597,4.687285842629873,1.0,1,0.006509745528129294,-0.0031880571941280047,522.1999999999999,elevated_risk
2024-04-02,35138467324.37709,1,2845581605.5158896,-8121878433.286864,2.8542068227962165,1.0,1,0.004824019759184933,0.0011577647422044278,518.98,transitional
2024-04-03,36554784610.79483,1,-523591155.4689404,3490640752.169077,6.666729786607602,1.0,1,0.006345128640964386,0.0032643127559297317,519.89,transitional
2024-04-04,34991772510.24131,1,7071651260.687181,7376270581.079101,1.0430761231235148,1.0,1,0.021226314180929056,-0.019961033007334834,513.42,stable_positive
2024-04-05,33608580790.792274,1,1883745175.722287,-596299250.4288554,0.316549848734299,1.0,1,0.012498542160712327,0.007716829296738159,518.44,transitional
2024-04-08,35384736963.10143,1,2231267850.832611,3216972555.6228075,1.4417688823967838,1.0,1,0.004411056534720146,-0.0008282769912355774,518.96,stable_positive
2024-04-09,35090287908.44942,1,1582097931.9308572,-2708866274.618498,1.7121988594678752,1.0,1,0.012295869356388045,-0.0022670509125839577,520.1899999999999,transitional
2024-04-11,38280268414.59821,1,364897772.8257109,-6178849698.10899,16.933097865358153,1.0,1,0.014349984486503216,0.0044989140552281455,518.2,transitional
2024-04-15,34967558586.38643,1,10976416799.04509,6485551648.248998,0.5908623703878682,1.0,1,0.022751538446605653,-0.020732630598101463,504.22,stable_positive
2024-04-16,37381434387.22247,1,11459787561.038208,4064870544.36823,0.3547073209444355,1.0,1,0.008496058937695608,-0.002792410979522369,503.5,stable_positive
2024-04-17,36491137165.0558,1,12460285658.546902,11316722730.116537,0.9082233778768981,1.0,1,0.014030234166584374,-0.010868491255804762,500.57,stable_positive
2024-04-18,38568105343.78079,1,12195554269.93563,5455313735.108857,0.4473198687293161,1.0,1,0.011096059603968271,-0.004900593649149441,499.57,stable_positive
2024-04-19,27194649431.48418,1,9943270989.07024,3853482480.4820094,0.38754676250077086,1.0,1,0.01320478936408772,-0.008569597949703614,494.81,stable_positive
2024-04-22,30312542257.544067,1,6657982576.973728,-1053247253.626672,0.1581931525728635,1.0,1,0.013960588956069319,0.0037964767089167855,499.19,transitional
2024-04-25,33436776513.513626,1,5686972293.608949,-5516232023.851107,0.9699769471446659,1.0,1,0.013582274930886599,0.0086341600224368,507.75,transitional
2024-04-29,31577954033.12054,1,646973148.962878,-2637294535.506715,4.076358562537558,1.0,1,0.006861534239055853,-5.881315062042525e-05,510.21000000000004,transitional
2024-05-01,30450147808.646408,1,8776783416.040638,7931087593.956435,0.9036439909707022,1.0,1,0.01660417248394429,-0.0020543300490645272,500.92999999999995,stable_positive
2024-05-02,30659871898.205967,1,4295213048.990338,-3538104872.0850406,0.8237321016978962,1.0,1,0.012575622334622583,0.001745512248338779,505.21000000000004,transitional
2024-05-03,26843387718.380867,1,-247029677.37393275,1322371539.3156173,5.353087747889993,1.0,1,0.007805775099772971,0.0002543234994913441,511.87,high_fragility
2024-05-07,29950298718.20477,1,-2567414166.0790887,5139422955.053123,2.0017895916271127,1.0,1,0.004096143442306215,-0.000811500115928509,517.72,transitional
2024-05-08,32002396595.029022,1,-501941387.06391907,4228006545.4368286,8.423307291252351,1.0,1,0.0050459961960952196,0.0037456817917169267,517.15,transitional
2024-05-09,30657665335.00702,1,-4691437302.218893,-5776358408.9165745,1.2312555911563712,1.0,1,0.00676949244269196,0.005392554795314785,520.64,elevated_risk
2024-05-13,29613440388.028202,1,-393973508.4298198,202434828.87720066,0.5138285304613603,1.0,1,0.0056070116350274615,-0.0031575321494182055,520.6999999999999,high_fragility
2024-05-14,28937400857.873955,1,-2115094467.9333897,-902824232.9678615,0.42684818416171755,1.0,1,0.006275066684577336,0.004202567596092842,523.3499999999999,high_fragility
2024-05-16,30208370767.948948,1,-2406254615.011338,4236450336.6417427,1.7605993606049792,1.0,1,0.005627311844191177,-0.002245791499962144,528.46,transitional
2024-05-17,26591017579.926563,1,-1687723907.4834664,-6017424184.813257,3.565407918991754,1.0,1,0.004160284412170595,0.001210264556268036,529.3,elevated_risk
2024-05-20,28700627809.124126,1,-2299723214.451084,-186149687.26966304,0.08094438761148684,1.0,1,0.004513284362785042,0.0009252789999431527,529.8199999999999,high_fragility
2024-05-22,30063878560.508938,1,-511640830.428608,995206117.5986031,1.9451264606167307,1.0,1,0.007123339300857388,-0.0015452746631488482,529.74,high_fragility
2024-05-23,33785860394.745697,1,4456490616.497993,7334275024.823513,1.6457512549610045,1.0,1,0.015667217051936397,-0.013134193935755028,526.04,stable_positive
2024-05-29,31933884914.769497,1,5193744810.846564,-2100849961.7906446,0.4044961849883827,1.0,1,0.003690458073352498,0.0007989651499012189,525.4399999999999,transitional
2024-06-03,30346977797.752575,1,9299413.303345252,-10064695665.364647,1082.2936175709174,1.0,1,0.012683830478998757,-0.0023061509961816704,527.91,transitional
2024-07-02,28798323259.38468,1,-2829286025.7314653,-8511121899.683714,3.0082225064124803,1.0,1,0.009858377781865024,0.009766415302556456,548.6899999999999,elevated_risk
2024-07-03,27991032244.321545,1,-4581056887.837752,-6293100711.743597,1.3737224544080973,1.0,1,0.005795622300388313,0.00504838797864,551.45,elevated_risk
2024-07-05,23560331431.980858,1,-3251942773.575085,-5993054279.002566,1.8429150499515057,1.0,1,0.007122532939449318,0.005201442630081383,554.4499999999999,elevated_risk
2024-07-08,26299066211.009556,1,-3236254962.664958,-3575215939.562469,1.1047386503251235,1.0,1,0.003708951461903932,-0.00028805991646277157,555.5999999999999,elevated_risk
2024-07-09,28331100969.16452,1,-3343197755.510941,-480430417.26062244,0.1437038585194905,1.0,1,0.0029842160140940714,-0.0007909970157838796,555.9399999999999,high_fragility
2024-07-11,34255080568.59116,1,-614848548.7613196,770103918.6816374,1.2525099396153685,1.0,1,0.011577372470789398,-0.008834425762325513,556.73,high_fragility
2024-07-15,29198619604.893654,1,-3105626727.466756,-536539093.86381227,0.1727635485354882,1.0,1,0.009264807928402343,-0.000889632226037756,561.55,high_fragility
2024-07-18,35212501047.47755,1,6002361120.730537,4899440443.051037,0.8162521955118112,1.0,1,0.016275447171939683,-0.01047429768491168,552.99,stable_positive
2024-07-22,29158111601.933,1,1069639958.7683437,-6558778532.21337,6.131762822104734,1.0,1,0.0076853526220614825,0.0029837251356238286,554.8299999999999,transitional
2024-07-24,28786430832.092983,1,10469764257.284777,6636684251.412948,0.6338905144683842,1.0,1,0.01617898917756804,-0.013901541376671638,542.4,stable_positive
2024-07-25,29581198074.04138,1,9661502722.047367,6300933630.16276,0.6521691098615693,1.0,1,0.018481573843169844,-0.00543086727625391,538.77,stable_positive
2024-08-01,27499237687.758434,1,7191660126.066929,3944567719.896595,0.548491954673872,1.0,1,0.02793998950359233,-0.01730097544202555,541.77,stable_positive
2024-08-02,24694209001.881733,1,9049413883.436855,1733664153.2659094,0.19157750718408795,1.0,1,0.015660289314045703,-0.005319645356976244,532.58,stable_positive
2024-08-05,20825763042.702274,1,8926334599.319077,3086782194.7423935,0.3458062388763537,1.0,1,0.026014385114533772,0.011218825736846239,518.49,stable_positive
2024-08-06,24273101752.693764,1,9527077854.635305,3361841392.52781,0.35287224937414985,1.0,1,0.02288047455799082,0.005643080004622222,521.86,stable_positive
2024-08-07,24581234564.094265,1,10255357799.714577,5995513999.439534,0.5846226057179984,1.0,1,0.0256175374193426,-0.018563021552784564,518.79,stable_positive
2024-08-08,27803637717.608,1,6858175343.888499,1031463348.7011067,0.15039909261291648,1.0,1,0.01803744918020258,0.012864805023763642,530.9,stable_positive
2024-08-09,26666809650.965862,1,6407369742.990906,-930498729.9413786,0.14522319879530313,1.0,1,0.01123044110152705,0.0060021517147657915,532.8,transitional
2024-08-14,29329939605.680836,1,1562019423.4053102,-1047484032.2859269,0.6705960352287678,1.0,1,0.008915906788247272,0.0016579165515335308,544.66,transitional
2024-08-15,28035540071.734932,1,-3818963950.633422,-6023549161.558535,1.5772731137091398,1.0,1,0.00815286624203825,0.006496815286624295,552.55,elevated_risk
2024-08-16,24392023616.61021,1,-1000010533.0738828,-5488749175.866317,5.488691363074669,1.0,1,0.006818758840810981,0.005241014109027577,554.51,elevated_risk
2024-08-20,26448215685.351536,1,-1199971028.8642178,964919489.0497059,0.8041189877417373,1.0,1,0.0062863274613252015,-0.0008047929893587263,558.98,high_fragility
2024-08-22,28796295026.545757,1,1271146690.4520001,449944839.36008805,0.3539676755954064,1.0,1,0.014576222980659722,-0.011269908987485635,556.51,stable_positive
2024-08-26,28173184351.247845,1,-2164266701.4000816,-4796668320.179273,2.2163018620007735,1.0,1,0.008629567811356962,-0.004243758656202256,560.27,elevated_risk
2024-08-27,28856292160.04937,1,-3182699358.902486,-3365155086.2270174,1.0573273522722704,1.0,1,0.006684659243239192,0.003699798030348954,561.66,elevated_risk
2024-08-28,29381439873.740265,1,96455849.54746151,-2647420972.7328506,27.446971699006973,1.0,1,0.011778122271520489,-0.005185224782167249,557.88,transitional
2024-08-29,31431224670.98302,1,-2033161257.3553169,5919562520.639667,2.911506649669136,1.0,1,0.011600721029430138,-0.0034980635719511037,559.2,transitional
2024-08-30,27237412537.077423,1,-3440638469.5877957,-8975449212.618284,2.6086580418004757,1.0,1,0.012589831838365212,0.005189293293150433,563.17,elevated_risk
2024-09-03,27654925280.22912,1,5750015462.080842,4257621164.094852,0.7404538635021487,1.0,1,0.02016165004371323,-0.014969579103252603,552.29,stable_positive
2024-09-04,28578723615.04954,1,5435317867.058732,513274691.2550274,0.09443324269327065,1.0,1,0.009033078880406968,0.0013631406761177751,550.39,stable_positive
2024-09-05,29317518411.699272,1,5950232216.052928,2515553390.520306,0.4227655827840938,1.0,1,0.012161230009620693,-0.002323512861006685,549.8699999999999,stable_positive
2024-09-09,29575345816.587986,1,4544982368.878708,1982769558.8588417,0.4362546205757913,1.0,1,0.009235288717525176,0.0032314330303864704,546.66,stable_positive
2024-09-10,29960917990.91472,1,3396172701.0319943,-103159554.58264817,0.030375238147135775,1.0,1,0.010522284630534652,0.000784156393609946,548.73,transitional
2024-09-11,30414095626.901703,1,-366458312.6160496,-10085355224.71788,27.521152822871393,1.0,1,0.0280663386185529,0.010424640058319506,554.58,elevated_risk
2024-09-12,30661781897.474552,1,-2703790351.2109914,-7726181564.383311,2.8575372202666744,1.0,1,0.011999783787679444,0.007351218896956885,558.33,elevated_risk
2024-09-16,30961483286.770924,1,-2863046504.498822,-4693230779.977914,1.639243642254238,1.0,1,0.005714387439028796,0.0019582013030939984,562.44,elevated_risk
2024-09-17,31157457935.689823,1,-2996285916.0397854,-721606026.5885471,0.2408335008103297,1.0,1,0.010237126172359019,-0.003592284551406782,563.13,high_fragility
2024-09-18,33283710868.96057,1,-2145441842.6066523,1777947314.7587018,0.8287091635159615,1.0,1,0.013942597651399605,-0.004150849682477795,562.33,high_fragility
2024-09-19,35070642012.43478,1,-12157920597.581894,-22655490244.86641,1.8634346279060576,1.0,1,0.008406157510376272,-5.253848443980441e-05,570.75,elevated_risk
2024-09-23,29823671886.83162,1,-2745789990.6662536,-4114476199.929804,1.4984671857338385,1.0,1,0.003921207011627427,0.0005796185056379795,569.54,elevated_risk
2024-09-24,31909075229.178143,1,-3656589545.913666,-11538938219.83846,3.1556558577195313,1.0,1,0.006590940961996899,0.0014373860608609176,571.04,elevated_risk
2024-09-25,33198506061.352135,1,-1977250917.0760398,842223458.8109366,0.425956792603954,1.0,1,0.005217634905627374,-0.0019259726161712063,570.45,high_fragility
2024-09-26,33824616552.378372,1,-4759680067.186685,-4467500410.928545,0.9386135933227043,1.0,1,0.008374247014171906,-0.0036212960061284185,572.3299999999999,elevated_risk
2024-10-03,31189326656.614548,1,4921183012.969284,1946691904.2311099,0.395573970547488,1.0,1,0.007600994077834179,0.0008107727016357099,568.14,stable_positive
2024-10-04,29132483260.669594,1,2042754954.719829,-5550891806.415247,2.717355693393274,1.0,1,0.009190180833406116,0.0011007250808071905,573.0,transitional
2024-10-07,31907881880.86164,1,6634442305.355279,729709491.451939,0.10998806800428759,1.0,1,0.009329424120427013,-0.006126378435147909,568.06,stable_positive
2024-10-08,32150989869.465485,1,1393765789.6475646,272104188.69552743,0.19522949315920088,1.0,1,0.007450825707373471,0.004821009081028014,573.1099999999999,stable_positive
2024-10-09,30801427316.762775,1,186210107.1395701,-847074512.8107413,4.549025430589723,1.0,1,0.009002721753088286,0.006943959801800577,576.5999999999999,transitional
2024-10-11,29939948747.58,1,-2091110450.4400783,-1988762682.8123507,0.9510557811012861,1.0,1,0.007672945056852831,0.006127940282961699,579.34,high_fragility
2024-10-16,33813353035.68812,1,-3217833876.0610766,-5778429270.990048,1.7957512704364262,1.0,1,0.006674945669046888,0.00434647624961189,582.22,elevated_risk
2024-10-17,35053942884.9267,1,-2968299976.9771767,762022687.8791604,0.2567202418184096,1.0,1,0.006758717209127744,-0.006076018501134894,582.62,high_fragility
2024-10-18,28132539783.22598,1,-2414642895.574829,-2218757856.6964107,0.9188761869353828,1.0,1,0.004811067166606648,0.0008903042443542413,584.66,high_fragility
2024-10-21,30417344573.6158,1,-751791382.6551979,-5213622878.704527,6.934933013319344,1.0,1,0.007279095658131412,-0.00037680911192948063,583.81,elevated_risk
2024-10-22,32523059605.893288,1,-541495136.869387,-7646756380.336414,14.121560582326842,1.0,1,0.0070906118234231215,0.003906720592031831,583.14,elevated_risk
2024-10-23,33963150630.194824,1,4490060764.268632,-2871866382.861651,0.6396052377989228,1.0,1,0.012547913154182437,-0.00562570966521003,578.56,transitional
2024-10-24,35844364955.09051,1,404511517.9991532,-1117720516.8262255,2.7631364425785407,1.0,1,0.006017448877547321,-0.00127590606572642,579.8,transitional
2024-10-25,30657171617.20436,1,1513560725.7574027,1119204539.7628546,0.7394513617567555,1.0,1,0.010971436432735456,-0.004247562380698573,578.76,stable_positive
2024-10-28,32721590945.6926,1,538909936.7747319,3605943218.0398803,6.691179679522572,1.0,1,0.0037591403755708303,-0.003003879295547392,580.99,stable_positive
2024-10-30,32633282325.823124,1,2955024687.591476,-1052768992.7853912,0.3562640262215412,1.0,1,0.006932856233549669,-0.0022019990022191555,579.16,transitional
2024-10-31,28608752925.77337,1,8074327088.380595,5518370238.134021,0.6834464566186899,1.0,1,0.01249218152755567,-0.012023073180902007,569.3199999999999,stable_positive
2024-11-01,28149471850.457123,1,4340724681.942158,5991222462.225962,1.3802355369715194,1.0,1,0.00862913953651185,-0.0004900931176925128,571.66,stable_positive
2024-11-04,28003821541.8453,1,5382253437.526709,3316252610.1218386,0.6161457554190809,1.0,1,0.00807101088973706,-0.0023985433663643767,570.16,stable_positive
2024-11-05,28894269826.697792,1,1466444528.4514773,183189860.33273518,0.12492109778347929,1.0,1,0.010898132249360527,0.010442583312892098,577.43,stable_positive
2024-11-06,29127160726.94995,1,-7241261142.80177,-3900199987.9973006,0.5386078351661607,1.0,1,0.011099796334012157,0.0031228784792938185,590.98,elevated_risk
2024-11-07,29465531920.48408,1,-9232838682.669796,-4689193904.267894,0.507882143881664,1.0,1,0.006154481688810872,0.004265866324947684,595.98,elevated_risk
2024-11-08,28505752072.15388,1,-7990850942.473677,-1978488485.020054,0.24759421734471573,1.0,1,0.005828874314373456,0.003388295284902118,598.21,high_fragility
2024-11-12,34003387802.13223,1,-4627791735.526137,3507297989.6060605,0.7578772317435138,1.0,1,0.008218079775506046,-0.0029732077236586706,597.28,transitional
2024-11-13,36664067381.80284,1,-5666587273.750453,4091530266.7558985,0.7220448691771234,1.0,1,0.007147998727756636,-0.00030132078946038465,597.62,transitional
2024-11-19,32606248413.05559,1,-2571799064.056029,-1895934302.4618504,0.737201567945102,1.0,1,0.011997400420721359,0.00956029484701804,590.68,high_fragility
2024-11-20,33080754227.76081,1,-2424958564.76234,-7056818395.167377,2.9100779278094535,1.0,1,0.010433957789897978,0.00020325891798503429,590.74,elevated_risk
2024-11-21,35539698885.96745,1,-6456765634.190442,-5833673440.456042,0.9034977837146595,1.0,1,0.012925513987192381,0.0004550050556116984,593.59,elevated_risk
2024-11-25,34263307722.200573,1,-8664491696.637577,-3862185147.45764,0.44574861199952853,1.0,1,0.009440886042167014,-0.003319322124366175,598.07,elevated_risk
2024-11-26,36528763600.80519,1,-11974159747.718494,-734160680.9525439,0.06131208338793273,1.0,1,0.005444221776887093,0.0030895123580494703,601.22,high_fragility
2024-12-02,31995463042.721413,1,-9417657683.551844,-443102165.6648047,0.047050145647010815,1.0,1,0.003068146010580995,0.0010945818199909914,604.54,high_fragility
2024-12-03,35798230476.357895,1,-8830278919.281607,809161440.8442026,0.09163486773643527,1.0,1,0.003014633984653309,0.0008617975107310062,604.66,high_fragility
2024-12-06,37313128054.7034,1,-9562929724.919085,-4428278597.76066,0.4630671483678742,1.0,1,0.003374818912156045,0.0006091136573157692,607.83,elevated_risk
2024-12-12,45109276116.69696,1,-4771111060.73111,9623288809.690098,2.0169911551410116,1.0,1,0.004665501665072912,-0.003709321111807181,604.27,transitional
2024-12-13,39990692255.97243,1,-5329004362.215372,-8935514064.134287,1.6767698911058158,1.0,1,0.007124010554089792,-0.0036114775725592696,603.72,elevated_risk
2024-12-16,42935330985.01346,1,-9403842980.399786,-4853521457.595996,0.5161210653678586,1.0,1,0.0042400990099009045,0.0013036303630362435,606.36,elevated_risk
2024-12-17,41850653046.18051,1,-4584039978.440294,-3776924975.8318806,0.823929327317291,1.0,1,0.003781922905046373,0.00016551084923601688,603.95,elevated_risk
2024-12-18,31951548903.309696,1,7911084385.9910145,6874714794.658583,0.8689977832662688,1.0,1,0.0339663565018709,-0.029305606145898944,584.8000000000001,stable_positive
2024-12-19,34138455556.42006,1,8590519202.886972,-590865531.4348224,0.06878111991604108,1.0,1,0.01209077380952377,-0.008894751082251066,585.81,transitional
2024-12-20,31902309389.642952,1,5552378251.530065,-3755643114.4160004,0.6764026052045465,1.0,1,0.02550836241126224,0.016123210203344958,590.74,transitional
2024-12-23,35494332162.55985,1,2311826100.009112,-11281226934.767317,4.879790454274589,1.0,1,0.012927956133967423,0.006430977000795526,594.88,transitional
2024-12-24,40744149059.571945,1,-6763431381.195309,-17818845821.784664,2.6345866199407673,1.0,1,0.009848001879005478,0.00879106130255345,601.26,elevated_risk
2024-12-26,41328658765.52737,1,-4264192303.7674675,-16052496393.881096,3.7644869767478624,1.0,1,0.0073352793994996435,0.0030692243536280766,601.04,elevated_risk
2024-12-27,33971908720.214573,1,3929834987.6954584,-9217959174.115538,2.3456351737356664,1.0,1,0.011733775144760341,-0.004234026173979939,595.12,transitional
2024-12-30,33367065787.688396,1,8198443004.240381,-1660198864.392986,0.2025017266735039,1.0,1,0.012468318903196246,0.0005613295004168143,588.01,transitional
2024-12-31,29681039113.93795,1,7037345789.206479,-2180695854.0607553,0.3098747623579042,1.0,1,0.010543901136623783,-0.006484094896635784,586.34,transitional
