day,feature_version,ticker,_computed_at,atr_14,call_gex,day_of_week,gamma_flip,gex_n_strikes,month,net_gex,price_vs_sma_21,price_vs_sma_5,put_gex,realized_vol_21d,realized_vol_5d,relative_volume,ret_1d,ret_21d,ret_5d,rsi_14,sma_21,sma_5,spot,target_directional_move,target_return_pct,total_dex,total_vega,total_vex
2024-01-02,v2.0_gex,SPY,2026-05-18T09:14:44.557034+00:00,3.8630046428571387,20787850.98,1.0,120.0,6359,1.0,-25594330.59,0.012500377871078383,-0.00570506473897181,-46382181.57,0.09629683995385453,0.06156665435517586,1.4690058780657835,-0.005596123022164723,0.03980360113991055,-0.002111238743754962,67.73475064804911,454.3121672380953,462.6305784,459.991241,0,-0.008166790288948076,-16719747561.64,796818808.02,-1021529917.55
2024-01-03,v2.0_gex,SPY,2026-05-18T09:14:44.557704+00:00,3.925190428571426,20313231.38,2.0,120.0,6269,1.0,-15702145.47,0.0030503399368961848,-0.010970706465295854,-36015376.85,0.10110925164559294,0.06561632128868103,1.2209487214243198,-0.008166790288948067,0.025246407955125783,-0.014422364229788709,58.853094788191406,454.84715057142853,461.2953246,456.234589,0,-0.0032210271545194957,-22315630328.56,808505711.46,-710525543.22
2024-01-04,v2.0_gex,SPY,2026-05-18T09:14:44.558305+00:00,3.735890357142852,20639198.91,3.0,120.0,6203,1.0,-17807546.12,-0.0014455781198953188,-0.010301899081446741,-38446745.03,0.09970825254082159,0.050931580848905825,0.9862970390394656,-0.00322102715451944,0.027337071594564888,-0.019370112762172487,47.95063021463825,455.4233950952381,459.49875480000003,454.765045,1,0.001369570961638035,-29071515580.97,816619075.61,-503744036.85
2024-01-05,v2.0_gex,SPY,2026-05-18T09:14:44.558894+00:00,3.704475499999993,21605484.56,4.0,120.0,6196,1.0,-19091609.84,-0.0014156277719443722,-0.00525097210056702,-40697094.4,0.0995625700107275,0.05638450245487624,0.9992925648527343,0.0013695709616381446,0.028946818168514854,-0.018397721014929425,46.51600080771409,456.0334516190476,457.79172959999994,455.387878,1,0.014276027786580629,-25922694373.74,819017552.4,-486864505.22
2024-01-08,v2.0_gex,SPY,2026-05-18T09:14:44.559461+00:00,3.951951642857137,24701557.74,0.0,120.0,6092,1.0,-25565611.32,0.010613985211888943,0.009254720693501861,-50267169.05,0.10684722387583717,0.1400888066519315,0.8661160731104873,0.014276027786580547,0.047858711018765154,-0.001493551724724318,57.07391365376968,457.0380132857143,457.65355220000004,461.889008,0,-0.0015170635972354693,15005180127.78,792204670.21,-1181561496.32
2024-01-09,v2.0_gex,SPY,2026-05-18T09:14:44.560037+00:00,3.94707878571428,23469765.69,1.0,120.0,5945,1.0,-26019371.43,0.007293340448765173,0.007196726460455771,-49489137.12,0.10573087158655396,0.13315061188545704,0.7630664774614879,-0.0015170635972354685,0.03834603425399141,0.002602336508403136,52.703068643328024,457.84904404761903,457.89296260000003,461.188293,1,0.005655358211792231,-9957791598.34,808923615.31,-1323707212.89
2024-01-10,v2.0_gex,SPY,2026-05-18T09:14:44.560616+00:00,3.990876642857143,25083878.81,2.0,120.0,5958,1.0,-21145364.51,0.0111253668791087,0.00955830769441346,-46229243.32,0.10623476226325777,0.11034685345335815,0.7859086688093155,0.005655358211792194,0.039748245222078316,0.01657456313554495,52.44734295394938,458.69334623809516,459.4053404,463.796478,0,-0.0004405919615456617,15669884370.37,797546334.39,-1488346483.05
2024-01-11,v2.0_gex,SPY,2026-05-18T09:14:44.561166+00:00,3.8365519999999997,25213740.91,3.0,120.0,6210,1.0,-22590399.93,0.009025749087170798,0.00525049552252832,-47804140.84,0.10625139960427615,0.101396429423392,0.9035244556470544,-0.0004405919615456666,0.035263247882975746,0.01941021654379793,64.05978514379099,459.445295047619,461.17075800000003,463.592133,1,0.0006927123588614134,4433331878.17,802155384.52,-1317152647.04
2024-01-12,v2.0_gex,SPY,2026-05-18T09:14:44.561694+00:00,3.742708714285714,25846908.97,4.0,120.0,6419,1.0,-23131489.04,0.00825471709060599,0.0022412766423862696,-48978398.01,0.10576164776328362,0.1025438582998942,0.6765157259150474,0.0006927123588613693,0.031270510892492664,0.018721163675770924,58.06974259581938,460.11514861904766,462.8758362,463.913269,0,-0.003671214241556863,3754919646.88,805973084.03,-1229541983.21
2024-01-16,v2.0_gex,SPY,2026-05-18T09:14:44.562223+00:00,3.73853757142857,23314910.34,1.0,120.0,6425,1.0,-27667347.49,0.003913146504062048,-0.0015767038925929011,-50982257.83,0.09722821305021882,0.05511260493433937,0.99573604066576,-0.0036712142415568083,0.013508039982606856,0.0006952665996329266,52.51371731504725,460.40849809523814,462.9400634,462.210144,0,-0.00555880487123195,-17191559062.74,781828303.97,-924345730.33
2024-01-17,v2.0_gex,SPY,2026-05-18T09:14:44.562754+00:00,3.8866117857142837,23783927.83,2.0,,6473,1.0,-24270622.19,-0.0018870258595313771,-0.00646251808060383,-48054550.02,0.09904841122387688,0.0686551446372744,0.8295512349005975,-0.005558804871231948,0.004649874451335245,-0.0033554299263186538,43.56312431086171,460.50980190476196,462.63056639999996,459.640808,1,0.008893000640621943,-395041130580.34,795645312.37,-384911299.58
2024-01-18,v2.0_gex,SPY,2026-05-18T09:14:44.563315+00:00,4.095164857142858,29460049.69,3.0,,6394,1.0,-20189289.03,0.0062641229872870685,0.0024025155173430512,-49649338.72,0.10314758985909803,0.0882634330269865,1.1393330633714305,0.00889300064062204,0.015255914395202241,-0.00014679714751952844,49.96597031809367,460.8416253809524,462.61694960000005,463.728394,1,0.012466228237902624,-414846645134.35,804457904.87,-720349592.04
2024-01-19,v2.0_gex,SPY,2026-05-18T09:14:44.563835+00:00,4.438576071428575,33920523.38,4.0,,6396,1.0,-14722885.91,0.017737890656360777,0.012309061216215333,-48643409.28,0.10966398337316141,0.12418372176571749,1.3426443706787785,0.012466228237902666,0.022162457907011435,0.012763816680211093,58.1534957173963,461.3263810952381,463.8003906,469.509338,1,0.0021142838270875037,-440547104460.36,802228880.79,-1537338138.35
2024-01-22,v2.0_gex,SPY,2026-05-18T09:14:44.564352+00:00,4.373229571428575,25407532.55,0.0,,6349,1.0,-27035189.28,0.01900829191029141,0.011575283657244695,-52442721.82,0.10823059399154862,0.12326113715865916,0.9082596367618152,0.0021142838270875597,0.018132538299217682,0.014202536207257976,61.68217694683214,461.7254027619048,465.1181396,470.502014,1,0.0029163785896142904,-503281962399.14,785671334.88,-1489094033.72
2024-01-23,v2.0_gex,SPY,2026-05-18T09:14:44.564876+00:00,4.192494357142858,27111931.49,1.0,,6376,1.0,-15818508.63,0.020280170843473666,0.010326989039007195,-42930440.12,0.09398350587038806,0.10948108525005248,0.6167373555327538,0.0029163785896142436,0.03545022174000878,0.02090830788862985,68.17497838291618,462.4947043809524,467.050946,471.874176,1,0.0010931706506440144,-363882798890.01,783385426.56,-1217690190.77
2024-01-24,v2.0_gex,SPY,2026-05-18T09:14:44.565402+00:00,4.152869142857144,26471702.25,2.0,,6356,1.0,-15572436.7,0.020098369281455364,0.005939571812566324,-42044138.96,0.08962611741811895,0.07789214310453857,1.0125741378776554,0.0010931706506440708,0.02684577875927907,0.027737326142721397,77.42898058943896,463.08280576190475,469.6007874,472.390015,1,0.005438948577268268,-384600938968.2,790842428.3,-1365753957.2
2024-01-25,v2.0_gex,SPY,2026-05-18T09:14:44.565930+00:00,4.084049214285719,29143566.6,3.0,,6443,1.0,-14478491.76,0.024172744730432738,0.00659609487976609,-43622058.35,0.09075877359484101,0.07210163886970712,0.8953139987482269,0.005438948577268343,0.03035998348913882,0.024218758534764184,83.05192551060065,463.74922828571425,471.8469726,474.95932,0,-0.001270346689901783,-415972157817.24,806722721.46,-1547199011.23
2024-01-26,v2.0_gex,SPY,2026-05-18T09:14:44.566456+00:00,3.9846404285714363,28113400.43,4.0,,6597,1.0,-17151146.77,0.02167100791880827,0.003256361110483885,-45264547.2,0.09062343805582214,0.03894845165928002,0.9344573790743257,-0.0012703466899017801,0.024724196467216908,0.01032273185586785,81.06481175246336,464.294233,472.8162964,474.355957,1,0.007919287076645763,-421293066794.54,816994017.22,-1396436252.15
2024-01-29,v2.0_gex,SPY,2026-05-18T09:14:44.566959+00:00,3.805288142857153,29586854.31,0.0,,6677,1.0,-16852913.27,0.02824703075159629,0.007956599807813491,-46439767.58,0.09356844048618962,0.05692746216883958,0.7505919795729308,0.007919287076645798,0.03097507112344977,0.016175284639695642,79.19443526493158,464.97826271428573,474.3383972,478.112518,0,-0.0007735459459356919,-455685609303.87,785439800.62,-1861488862.06
2024-01-30,v2.0_gex,SPY,2026-05-18T09:14:44.567457+00:00,3.661392500000009,26984662.18,1.0,,6780,1.0,-18541911.36,0.025999546354137815,0.004690898114126707,-45526573.55,0.09381979701255476,0.06374517164888753,0.7253279847414289,-0.0007735459459357052,0.029788718991826446,0.012436578008456323,80.14886499590106,465.63634233333335,475.5120972000001,477.742676,0,-0.016317238110836133,-437587535426.53,790133188.37,-1716285419.19
2024-01-31,v2.0_gex,SPY,2026-05-18T09:14:44.567950+00:00,3.9707345714285793,21776023.0,2.0,,6795,1.0,-23820939.42,0.008498231762416708,-0.0106864307970429,-45596962.42,0.1116860137359781,0.1504199932386696,1.5558092096850293,-0.016317238110836185,0.015926632522582862,-0.005171108453678963,59.42163604716097,465.9871680476191,475.0235412,469.947235,1,0.01308818637905168,-416723410827.2,816041156.33,-917516342.47
2024-02-01,v2.0_gex,SPY,2026-05-18T09:14:44.568471+00:00,4.004799714285724,27443284.04,3.0,,6836,2.0,-17770953.08,0.020018752239478133,0.001781618363740467,-45214237.12,0.11681844446646558,0.17802074127327883,1.1561182031182038,0.013088186379051736,0.035015342824755935,0.0023974095297256692,66.20430618308697,466.7541561904762,475.2512756,476.097992,1,0.010527229864897264,-445796113104.37,808726389.2,-1380213924.9
2024-02-02,v2.0_gex,SPY,2026-05-18T09:14:44.568969+00:00,4.246707357142867,29485535.7,4.0,,6873,2.0,-17363408.63,0.028147460714460504,0.009458422398513022,-46848944.33,0.11489429795868551,0.18987461061343217,1.2516902055745773,0.010527229864897292,0.05452325755161014,0.014238311757935884,69.86730725325654,467.9386988571428,476.6020812,481.109985,0,-0.0036410364669525333,-457112989729.75,803987031.63,-2074527835.34
2024-02-05,v2.0_gex,SPY,2026-05-18T09:14:44.569464+00:00,4.283550857142866,26252322.21,0.0,,6900,2.0,-27255984.19,0.021846574625448367,0.0052574452137279515,-53508306.4,0.11516920314034092,0.18815899271959433,0.9605094488487524,-0.003641036466952574,0.0540789167294069,0.0026055122028827427,69.78891533529557,469.1098036666667,476.85122680000006,479.358246,1,0.0029033045986237463,-485328813233.49,807782917.74,-1595802732.61
2024-02-06,v2.0_gex,SPY,2026-05-18T09:14:44.569959+00:00,4.089600000000006,27745815.6,1.0,,6877,2.0,-21586432.53,0.02218170963221766,0.006905990270507534,-49332248.14,0.11510044188378236,0.18837396864116032,0.7221482862785253,0.002903304598623757,0.05569338189542239,0.006294796657437374,75.04056412085093,470.3175222857143,477.45268539999995,480.749969,1,0.008340393673535484,-464659584326.62,803804759.58,-1606756908.34
2024-02-07,v2.0_gex,SPY,2026-05-18T09:14:44.570454+00:00,4.074299500000003,30808779.39,2.0,,6832,2.0,-12923623.42,0.028325895993253747,0.009043120102531388,-43732402.81,0.10930067423602777,0.10555153378323308,0.9136147973279068,0.008340393673535562,0.04951536971843251,0.031519236409593976,74.99432460621263,471.4065987142857,480.415161,484.759613,1,0.0004416848975411708,-471273957098.66,786741844.57,-2041977565.79
2024-02-08,v2.0_gex,SPY,2026-05-18T09:14:44.570970+00:00,3.7420110714285744,28783669.64,3.0,,7061,2.0,-18961343.2,0.026314186647008908,0.005772444110310637,-47745012.84,0.10864662878182461,0.09130365636170293,0.6835080953084787,0.0004416848975412613,0.05157422979078086,0.01864265791736419,71.18109836047118,472.5392382857143,482.1903074,484.973724,1,0.005779399710323311,-503091774698.95,816948993.44,-1970863872.64
2024-02-09,v2.0_gex,SPY,2026-05-18T09:14:44.571465+00:00,3.779548714285718,30812714.8,4.0,,7079,2.0,-14388039.4,0.029757217716074313,0.008795753022257768,-45200754.2,0.10869387012260749,0.07370329227513008,0.8371836970532799,0.005779399710323263,0.051703935104052245,0.013856698484443264,72.54262698768486,473.681147952381,483.5236266,487.776581,0,-0.0004388915096356819,-513597331940.39,808251405.69,-2233403515.73
2024-02-12,v2.0_gex,SPY,2026-05-18T09:14:44.571961+00:00,3.8518475714285745,28775274.11,0.0,,7081,2.0,-21368047.5,0.02683087570175724,0.004942700283522505,-50143321.61,0.10869330996968969,0.05799647142342201,0.7493544541009239,-0.0004388915096357193,0.051705724264307085,0.0171150784793217,71.11071387780743,474.8225940000001,485.1644774,487.5625,0,-0.013773149083450785,-528780359233.85,796253722.96,-1943645606.91
2024-02-13,v2.0_gex,SPY,2026-05-18T09:14:44.572452+00:00,4.293274571428575,25361449.05,1.0,,7172,2.0,-21201295.15,0.010971274350560778,-0.008938260600187098,-46562744.2,0.12241501038894617,0.13630859482400387,1.4495471803755153,-0.01377314908345073,0.036502426491275886,0.00020230890540107183,59.75306739104117,475.62897304761907,485.1839294,480.847229,1,0.009087670129840738,-511057315652.02,829290986.18,-1279592816.82
2024-02-14,v2.0_gex,SPY,2026-05-18T09:14:44.572948+00:00,4.4371735,33429470.35,2.0,,7150,2.0,-14655430.28,0.017814211827009707,-0.00012034156056739409,-48084900.63,0.12329476521454479,0.13920922837383648,0.8854847451064295,0.009087670129840797,0.049775770390707796,0.0009435542642863837,61.357765955233575,476.7245380952381,485.2754088,485.21701,1,0.006899801389897643,-528872546462.66,842760115.52,-1480449149.85
2024-02-15,v2.0_gex,SPY,2026-05-18T09:14:44.573441+00:00,4.510168285714282,34860411.55,3.0,,7071,2.0,-14396080.03,0.021884529604673464,0.005290737482073871,-49256491.57,0.12077686869451566,0.14721078103992852,0.8022129765423817,0.006899801389897542,0.06292762195300994,0.007404910456550784,64.83136653284753,478.1018763333333,485.99364619999994,488.564911,0,-0.004980044504260303,-549651240435.93,839357692.62,-1888784755.91
2024-02-16,v2.0_gex,SPY,2026-05-18T09:14:44.573932+00:00,4.501130928571423,31589368.22,4.0,,6972,2.0,-19648167.85,0.014531685802725125,0.0009618545525198474,-51237536.07,0.12170611383559406,0.14727917375085983,0.992368627708102,-0.0049800445042602615,0.04831155971872625,-0.003371922851704068,58.60844262300532,479.1687069047619,485.66469720000003,486.131836,0,-0.005505360484146536,-565700539474.88,857703830.45,-1554182788.3
2024-02-20,v2.0_gex,SPY,2026-05-18T09:14:44.574416+00:00,4.747909071428568,21835471.31,1.0,,6769,2.0,-31610606.94,0.007549910778387403,-0.0028623540949256343,-53446078.25,0.11867574829968977,0.15113291826021286,0.9661254377790931,-0.005505360484146515,0.029703705275399672,-0.008423525189078296,55.84316607662498,479.8328100952381,484.84329820000005,483.455505,1,0.0009057648438607892,-592048639513.83,828134477.24,-1286386830.69
2024-02-21,v2.0_gex,SPY,2026-05-18T09:14:44.574895+00:00,4.45455414285714,23588725.72,2.0,,6648,2.0,-20833428.63,0.007124072749167487,-0.0032117059746443744,-44422154.36,0.11865735278900844,0.10570790797932024,0.8071105977386331,0.0009057648438608457,0.028461914299053426,0.006335012070954438,66.79162102862011,480.4704952380952,485.4525328,483.893402,1,0.020695601466374263,-485637633190.29,819311145.51,-1130445329.3
2024-02-22,v2.0_gex,SPY,2026-05-18T09:14:44.575374+00:00,4.797267642857142,33262519.35,3.0,,6806,2.0,-8790867.12,0.025727188112836474,0.013787543034159633,-42053386.47,0.13595120536921332,0.1702497319680272,1.0224674191578405,0.02069560146637417,0.046693996240218194,0.0179112785019635,69.61834548491541,481.51971861904764,487.19070419999997,493.907867,1,0.000689555730441516,-520005382088.68,783937141.72,-2263581494.58
2024-02-23,v2.0_gex,SPY,2026-05-18T09:14:44.575845+00:00,4.531724928571427,29928346.27,4.0,,6943,2.0,-17078932.55,0.02422047697593266,0.012125129716351601,-47007278.81,0.13599875995119848,0.16829055884462038,0.8314801548471077,0.0006895557304416045,0.0462719962444591,0.011633117467169107,66.13290212683887,482.5605961904762,488.32741079999994,494.248444,0,-0.003662554777815302,-550026942113.28,800228270.98,-1952036501.29
2024-02-26,v2.0_gex,SPY,2026-05-18T09:14:44.576318+00:00,4.4441368571428574,25860647.24,0.0,,6970,2.0,-20497527.77,0.018712120497893725,0.005820277425117704,-46358175.01,0.13688888245039446,0.1648997354359148,0.6931155277374416,-0.0036625547778152967,0.03680086117691106,0.0129726044109566,66.03807167406083,483.3929253333334,489.58869000000004,492.438232,1,0.001857808635784368,-552055978061.83,785196616.34,-1461252091.71
2024-02-27,v2.0_gex,SPY,2026-05-18T09:14:44.576792+00:00,4.453867857142858,26562146.07,1.0,,6990,2.0,-16857816.38,0.01869829275282764,0.003630994389050013,-43419962.45,0.13645557835044825,0.1496907044378705,0.6844977752952456,0.0018578086357843304,0.04004826063563072,0.020472583097383534,65.636213180108,484.2975506190477,491.56820660000005,493.353088,0,-0.001321769369364971,-530875480155.2,785933334.37,-1443651415.0
2024-02-28,v2.0_gex,SPY,2026-05-18T09:14:44.577265+00:00,4.274523571428574,25714461.75,2.0,,7187,2.0,-18325286.41,0.015894582746840635,-0.0012744721621517074,-44039748.16,0.13506028984559512,0.15343132012123806,0.7942631514514711,-0.0013217693693650112,0.030512631338383,0.018201502569774597,60.74799760290678,484.99223971428574,493.329724,492.700989,1,0.003595022213361161,-535879690928.21,795676262.45,-1328589307.68
2024-02-29,v2.0_gex,SPY,2026-05-18T09:14:44.577741+00:00,4.478899357142857,28256190.2,3.0,,7191,2.0,-16159903.58,0.017874788140701092,0.002086681195694551,-44416093.78,0.1350082851356395,0.04472430736217321,1.1600076165738278,0.0035950222133611653,0.03501798110244603,0.0011427090712852195,62.33554508455439,485.78888657142863,493.4426026,494.47226,1,0.009388213203304822,-543945849641.1,808694895.24,-1401776843.48
2024-03-01,v2.0_gex,SPY,2026-05-18T09:14:44.578229+00:00,4.609588071428569,29486661.18,4.0,,7193,3.0,-14766101.83,0.024501667287727402,0.009503464339069012,-44252763.01,0.12021803710265887,0.07923638037791335,1.0976693566379532,0.00938821320330474,0.06206491671346881,0.009845305653607639,64.05290298535056,487.1778025714287,494.415808,499.114471,0,-0.0010723331642291509,-567345745881.95,805406906.47,-1811357787.55
2024-03-04,v2.0_gex,SPY,2026-05-18T09:14:44.578695+00:00,4.535901785714283,24740934.5,0.0,,7312,3.0,-25805733.04,0.021159140381386665,0.005922076180819857,-50546667.54,0.11504191275645557,0.06911415592172422,0.7323120314928011,-0.0010723331642291667,0.047219821082547186,0.012470644237062345,63.54702240966431,488.2483388571428,495.64401239999995,498.579254,0,-0.009994156315216374,-579527288882.47,799800888.13,-1464199928.18
2024-03-05,v2.0_gex,SPY,2026-05-18T09:14:44.579166+00:00,4.336387857142853,21865159.02,1.0,,7272,3.0,-20886727.61,0.00972387215249304,-0.004229021181301307,-42751886.63,0.1183530162177836,0.11334958995017723,1.0915186420706875,-0.009994156315216385,0.025953296313316,0.0004931295778167755,66.37496553724009,488.8429288571429,495.69266980000003,493.596375,1,0.005067338673222609,-527311841054.53,813403694.16,-1042520270.02
2024-03-06,v2.0_gex,SPY,2026-05-18T09:14:44.579636+00:00,4.329437999999994,26430368.54,2.0,,7279,3.0,-16875006.62,0.013188370535003768,-0.000552803149603931,-43305375.16,0.1176804759384583,0.11728518895497271,1.0299201240697564,0.00506733867322251,0.03492033179710852,0.0068938485528391436,64.67960476289383,489.64004071428565,496.371991,496.097595,1,0.009926411757750988,-537150480805.18,817948404.5,-1068966275.25
2024-03-07,v2.0_gex,SPY,2026-05-18T09:14:44.580110+00:00,4.503919857142852,29078280.66,3.0,,7238,3.0,-15802699.31,0.021232309883970846,0.006711338813713441,-44880979.97,0.1210597063640809,0.13230247293823053,0.8816418272298713,0.009926411757750886,0.042167647024850874,0.013246049434603169,66.12084821841472,490.6053785714286,497.68195180000004,501.022064,0,-0.0060021947456589215,-561198676741.33,814754506.7,-1583080184.3
2024-03-08,v2.0_gex,SPY,2026-05-18T09:14:44.580592+00:00,4.710378928571422,25599019.75,4.0,,7295,3.0,-21727281.05,0.013798346472970957,0.0011112566855957517,-47326300.79,0.12177767754714354,0.12808903008815464,1.2860257155250034,-0.006002194745658884,0.027343901275042937,-0.002203179959492596,65.15265536912426,491.23657947619046,497.46202400000004,498.014832,0,-0.0008599221799884829,-558232423145.7,831587658.59,-1110123525.28
2024-03-11,v2.0_gex,SPY,2026-05-18T09:14:44.581075+00:00,4.593594571428566,24463755.87,0.0,,7336,3.0,-22689215.77,0.011689613000192445,0.0006497344109854808,-47152971.64,0.12197458204110606,0.1280318423304419,0.9230385273554518,-0.000859922179988537,0.026007293541536303,-0.0019910094373882803,69.1152326691839,491.8371915714285,497.26348879999995,497.586578,1,0.01075749273928374,-598171133196.89,816361466.79,-1091689783.51
2024-03-12,v2.0_gex,SPY,2026-05-18T09:14:44.581529+00:00,4.781983285714277,29376972.99,1.0,,7312,3.0,-13574591.24,0.021073878291117953,0.007627792132110178,-42951564.23,0.12544003531233985,0.11343998331075668,1.0719310401882753,0.010757492739283725,0.031085504287463817,0.018928394682801386,72.73995357577664,492.55922876190476,499.13208619999995,502.939362,0,-0.0015674474092962879,-586358543191.0,811344597.56,-1461533799.68
2024-03-13,v2.0_gex,SPY,2026-05-18T09:14:44.581984+00:00,4.1924872857142725,27344724.39,2.0,,7317,3.0,-19451509.38,0.01803758654939891,0.003614037608082654,-46796233.76,0.1257159999993245,0.11828398659209548,0.8086712090793093,-0.0015674474092962631,0.029921355723625087,0.01220210712773162,62.622905108400985,493.2539207142857,500.3427734,502.151031,0,-0.0019769669655422444,-591931583030.43,826854663.4,-1192238789.21
2024-03-14,v2.0_gex,SPY,2026-05-18T09:14:44.582450+00:00,4.350982571428558,26819154.29,3.0,,7300,3.0,-17254485.68,0.01403659306629268,0.0015753849533794995,-44073639.98,0.11368738861188829,0.09971822432714701,1.620122588582474,-0.0019769669655422817,0.04224016439117295,0.0002719061889457919,60.373976866327745,494.2211143333333,500.3700196,501.158295,0,-0.006866539044315402,-589693269844.47,833848097.23,-1095042406.94
2024-03-15,v2.0_gex,SPY,2026-05-18T09:14:44.582913+00:00,4.515123642857129,17768123.24,4.0,,7063,3.0,-26629709.89,0.00586220844865637,-0.005183572537349801,-44397833.13,0.11458897059301522,0.10318781919044406,1.5406304517525142,-0.006866539044315445,0.02576179676800683,-0.000597893839434982,57.555278287393335,494.8163553809524,500.3104676,497.717072,1,0.00594308928989285,-631107670770.71,843674402.04,-816272218.64
2024-03-18,v2.0_gex,SPY,2026-05-18T09:14:44.583372+00:00,4.741571285714278,22110627.0,0.0,,6877,3.0,-24384999.55,0.010662282421850966,-0.0005052876226612213,-46495626.55,0.11404285072687019,0.11106397362453188,1.2490747324698328,0.0059430892898928445,0.024787162825944398,0.0062069017464534415,59.90045460166137,495.39302861904764,500.9281618,500.675049,1,0.0055571333254115785,-651834580879.86,829776714.76,-1017270431.88
2024-03-19,v2.0_gex,SPY,2026-05-18T09:14:44.583832+00:00,4.944911357142847,21843319.41,1.0,,6762,3.0,-19829038.88,0.014588975629305612,0.004841218421851368,-41672358.29,0.11270571398733988,0.08675336074536866,0.8622221894836519,0.005557133325411634,0.03563957288327013,0.0010299551777774862,63.752102438228704,496.2180539047619,501.03176279999997,503.457367,1,0.009249579617334306,-480765376809.91,831014281.53,-1132117730.25
2024-03-20,v2.0_gex,SPY,2026-05-18T09:14:44.584292+00:00,5.026050428571422,24830882.46,2.0,,6701,3.0,-19200185.06,0.021556148180520873,0.011727332224365616,-44031067.52,0.11241722429356743,0.10473310004004024,0.9890988999684622,0.009249579617334414,0.05100496476919836,0.011875122486804113,66.24279592726843,497.3922744285714,502.22438380000006,508.114136,1,0.003304466223313315,-502807764844.57,828694949.92,-1672027236.94
2024-03-21,v2.0_gex,SPY,2026-05-18T09:14:44.584755+00:00,4.916994142857139,24754932.73,3.0,,6730,3.0,-20902112.28,0.022396733691725457,0.011592032981297296,-45657045.01,0.11233034563830549,0.09740039661429467,0.8558198004851623,0.0033044662233132627,0.05352373041862646,0.01722985947982769,63.67997247049383,498.6255972857143,503.95136119999995,509.793182,0,-0.0018957295509691664,-514816418824.78,835167671.32,-1743601678.09
2024-03-22,v2.0_gex,SPY,2026-05-18T09:14:44.585236+00:00,4.8784198571428545,23887751.35,4.0,,6838,3.0,-21309226.12,0.0190067033654151,0.005242186450131081,-45196977.47,0.09206647471401816,0.06526357700580748,1.121022667049233,-0.0018957295509691718,0.030205805569806676,0.022321275730722734,62.98411663470032,499.3360203809524,506.1732972,508.826752,0,-0.00276299151818184,-509296373632.53,851143206.7,-1255000530.8
2024-03-25,v2.0_gex,SPY,2026-05-18T09:14:44.585688+00:00,4.476280142857141,22178997.99,0.0,,6797,3.0,-23931646.64,0.014916274157617426,-0.00020017439188746433,-46110644.63,0.0931823901875291,0.08008247745118723,0.6937779114668718,-0.002762991518181823,0.026651422295625782,0.013473447525442772,69.2623923284191,499.96327866666667,507.5224609999999,507.420868,0,-0.0018469776453891808,-556760843510.97,844841801.44,-1039949124.05
2024-03-26,v2.0_gex,SPY,2026-05-18T09:14:44.586136+00:00,4.358090714285717,21638118.41,1.0,,6745,3.0,-18647542.02,0.011688350990882057,-0.003235503847107357,-40285660.43,0.09217877547753425,0.08061051783403865,0.9266901486445194,-0.001846977645389214,0.02852223910998042,0.0060110472074987875,65.13094682561982,500.6321091904761,508.1277222,506.483673,1,0.008404022137155874,-517538941949.23,843535759.04,-919311365.24
2024-03-27,v2.0_gex,SPY,2026-05-18T09:14:44.586590+00:00,4.238092642857148,26088490.08,2.0,,6779,3.0,-11456863.56,0.018506174304221634,0.0041034726795763365,-37545353.64,0.09534548984616235,0.0754168736207375,1.148492762699079,0.008404022137155964,0.03524267998500896,0.005168202996029381,64.43883412401684,501.46006561904755,508.6529296,510.740173,0,-0.00019120485358810622,-527790580114.51,844864547.63,-1271527537.4
2024-03-28,v2.0_gex,SPY,2026-05-18T09:14:44.587039+00:00,3.872835500000004,24571311.68,3.0,,6816,3.0,-15716258.31,0.016579442089010854,0.0035763342604919757,-40287569.99,0.09498098519750005,0.0728302823409489,1.298419976192768,-0.00019120485358814499,0.036414637682004036,0.0016660383661231126,70.53742752972083,502.3144240952381,508.82279660000006,510.642517,0,-0.001739882540959695,-535993954925.07,857030461.01,-1239616835.58
2024-04-01,v2.0_gex,SPY,2026-05-18T09:14:44.587489+00:00,3.8756595,22120959.92,0.0,,6843,4.0,-21727063.97,0.013342680078028968,0.0014652041264131554,-43848023.89,0.09544137837731054,0.07253688679967335,0.8541964712268778,-0.0017398825409596919,0.030905270601024215,0.0018224415213137224,69.49710169831363,503.04212880952383,509.008258,509.754059,0,-0.006357962124633113,-613104553926.57,848422435.25,-1253499805.71
2024-04-02,v2.0_gex,SPY,2026-05-18T09:14:44.587938+00:00,3.818486285714284,20749072.31,1.0,,6791,4.0,-17238119.23,0.006195180298004255,-0.0045469996259048795,-37987191.54,0.09459064261463979,0.08569520023934736,1.0166119710250163,-0.006357962124633132,0.014823435163433762,-0.0017890592548511774,56.14216788677247,503.39444266666663,508.8266968,506.513062,1,0.001098421821153406,-517400314944.0,860295691.77,-1002457143.73
2024-04-03,v2.0_gex,SPY,2026-05-18T09:14:44.588400+00:00,3.852565071428574,23385072.82,2.0,,6734,4.0,-15576773.96,0.006492057528571182,-0.0036829615071272137,-38961846.77,0.09437644829237606,0.08501677733034825,0.8052474310643158,0.0010984218211533836,0.017028733008614072,0.0011565111201521372,58.521261275142045,503.7987366190477,508.9438476,507.069427,0,-0.012206020853235158,-525047551833.91,866706982.37,-966256165.09
2024-04-04,v2.0_gex,SPY,2026-05-18T09:14:44.588847+00:00,4.258154000000003,18715217.48,3.0,,6831,4.0,-20637218.66,-0.006477206325472329,-0.012015877290591392,-39352436.14,0.09786940014073638,0.08686773249021854,1.2982639370032905,-0.012206020853235189,0.014756494109179785,-0.01930540521628399,49.591603480190315,504.1455819523809,506.97183839999997,500.880127,1,0.01044694272727653,-511749359888.83,878732820.46,-605983328.45
2024-04-05,v2.0_gex,SPY,2026-05-18T09:14:44.589300+00:00,4.407034928571428,25344097.39,4.0,,7033,4.0,-16417855.35,0.0029532905657876363,9.267449277494677e-05,-41761952.74,0.10250117669397932,0.13467085482828742,0.9952884733247241,0.01044694272727642,0.02018795918573235,-0.008870636206737892,61.7103099402943,504.62249614285713,506.0658936,506.112793,1,0.0005592034106119996,-534328479665.49,883890142.04,-856406341.75
2024-04-08,v2.0_gex,SPY,2026-05-18T09:14:44.589748+00:00,4.172738285714282,23239495.75,0.0,,7029,4.0,-23976637.13,0.003005523866386195,0.001981757036408238,-47216132.88,0.0972240379756583,0.13570091939430223,0.6504632010161797,0.000559203410612108,0.010725573554780654,-0.0065879730444676765,58.622723736669165,504.878388952381,505.39424440000005,506.395813,1,0.0011567117755770398,-551727139236.98,867287717.37,-859910752.58
2024-04-09,v2.0_gex,SPY,2026-05-18T09:14:44.590203+00:00,4.278731571428572,22896095.78,1.0,,7033,4.0,-20656307.51,0.003317183519458311,0.0029548115115149987,-43552403.29,0.09428631347033596,0.12835758014307605,0.925447572055008,0.0011567117755770795,0.018004955723888827,0.0009249613389041844,55.68859027564646,505.30537633333336,505.4879454,506.981567,0,-0.01001307804944312,-527477445507.53,856535570.43,-909071888.47
2024-04-10,v2.0_gex,SPY,2026-05-18T09:14:44.590652+00:00,4.396576499999997,20224933.91,2.0,,7071,4.0,-25468585.89,-0.00713317828217408,-0.005054886509953338,-45693519.8,0.10150322310315274,0.14652796543521854,1.1096114353135036,-0.01001307804944307,0.00867897807323903,-0.01018461324034825,40.11168465889299,505.5110212380952,504.4550842,501.905121,1,0.00754686661186702,-513728627481.23,867981949.68,-363762121.36
2024-04-11,v2.0_gex,SPY,2026-05-18T09:14:44.591097+00:00,4.659469928571419,25760061.17,3.0,,7080,4.0,-20780836.29,0.00010044333051228982,0.0005446719215571605,-46540897.45,0.09797700827855854,0.12529100007733476,0.9428946516530707,0.007546866611866987,0.005474954255022091,0.009608696253984084,43.8810425404746,505.64214361904754,505.4176452,505.692932,0,-0.013802985088982828,-532780995778.4,871138583.62,-733057090.09
2024-04-12,v2.0_gex,SPY,2026-05-18T09:14:44.591542+00:00,5.16711192857142,19578598.83,4.0,,7098,4.0,-29070174.31,-0.013384470843567087,-0.010367946333908029,-48648773.14,0.10950888592173913,0.1395804182497774,1.2158593143839949,-0.013802985088982811,-0.006846886270756247,-0.014621114309592342,37.203476560474236,505.47842119047624,503.9376586,498.71286,0,-0.012528038679411584,-513180425921.09,882181442.2,-22800467.37
2024-04-15,v2.0_gex,SPY,2026-05-18T09:14:44.591990+00:00,5.872785785714277,17144541.85,0.0,,6976,4.0,-31501156.27,-0.02494629559545225,-0.01733312857927749,-48645698.12,0.11743128750655471,0.14968346776988517,1.2236520545983085,-0.012528038679411546,-0.017346473333340717,-0.027509798940616337,33.14263207486255,505.0644531428572,501.1514892,492.464966,0,-0.0018238109551127154,-497742414951.04,857478181.55,371839789.92
2024-04-16,v2.0_gex,SPY,2026-05-18T09:14:44.592442+00:00,5.95018892857142,18579865.89,1.0,,6895,4.0,-30279663.5,-0.02615991198833656,-0.013053893038484254,-48859529.39,0.1154333951269599,0.14255870629563552,0.9978699067242752,-0.001823810955112748,-0.012356958091242598,-0.030404979201147153,33.1718195985641,504.7715831904762,498.06853639999997,491.566803,0,-0.005918239356777665,-480434941994.12,865106419.03,483828361.34
2024-04-17,v2.0_gex,SPY,2026-05-18T09:14:44.592892+00:00,6.138455428571421,16963446.49,2.0,,6751,4.0,-32088533.24,-0.030824576036191265,-0.013647916974609431,-49051979.74,0.11430230699179734,0.13841779462423995,1.0395449525068912,-0.00591823935677771,-0.024002506264297563,-0.02639448661851762,24.30693371967952,504.19932338095236,495.4190307999999,488.657593,0,-0.0020578519896241464,-470243768089.24,862747565.1,598132979.68
2024-04-18,v2.0_gex,SPY,2026-05-18T09:14:44.593340+00:00,6.399254928571419,17848379.43,3.0,,6764,4.0,-32126653.79,-0.031373092004527314,-0.008456173819314183,-49975033.22,0.11169257897286007,0.09084533094464893,1.0117899427759085,-0.00205785198962416,-0.03139363933470851,-0.035675649902102924,23.804014520906847,503.44668723809525,491.81084599999997,487.652008,0,-0.008728435298476203,-471515375283.66,868559595.79,628011592.92
2024-04-19,v2.0_gex,SPY,2026-05-18T09:14:44.593791+00:00,6.6216964999999925,16062402.24,4.0,,6705,4.0,-33733637.77,-0.037577514436181625,-0.01095007141437665,-49796040.01,0.10720870808087236,0.07273685703245636,1.3586200117362905,-0.008728435298476223,-0.048647666436896664,-0.030713647528559762,22.107253879060906,502.2696126190476,488.74738780000007,483.395569,1,0.009209271423834594,-458019131670.22,866785425.9,849816611.46
2024-04-22,v2.0_gex,SPY,2026-05-18T09:14:44.594224+00:00,6.729093214285707,19631180.59,0.0,,6557,4.0,-28596813.43,-0.026689194703772068,4.804480116149534e-05,-48227994.01,0.11289794620118417,0.10823552999993599,0.8989602358491873,0.009209271423834542,-0.043048618096269475,-0.009376658887040534,30.741229660927175,501.22457014285715,487.8238526,487.84729,1,0.011866608913621386,-486837853292.05,854299315.78,367302097.79
2024-04-23,v2.0_gex,SPY,2026-05-18T09:14:44.594649+00:00,6.957810428571419,23280472.19,1.0,,6419,4.0,-19146924.42,-0.013715923107131434,0.01105734694691951,-42427396.61,0.12273801096707385,0.14549285285999544,0.8627928003978759,0.011866608913621457,-0.029853715317232354,0.004210170392649593,37.490920167012504,500.50121923809525,488.2377686,493.636383,0,-0.00047466922631600336,-403548748515.97,851322521.24,-37924332.8
2024-04-24,v2.0_gex,SPY,2026-05-18T09:14:44.595089+00:00,6.478755285714276,20455173.82,2.0,,6374,4.0,-24659009.37,-0.012867457575091779,0.008617171137198953,-45114183.19,0.12268338372042342,0.1341964305377471,0.7430802794131939,-0.0004746692263160046,-0.027627557091325583,0.009709203474916661,42.16763526803663,499.83365738095233,489.1866638,493.402069,0,-0.0037989098906676968,-408329462088.05,853027558.21,86974806.43
2024-04-25,v2.0_gex,SPY,2026-05-18T09:14:44.595511+00:00,6.517106428571419,19088982.9,3.0,,6348,4.0,-24791922.41,-0.015214308920073472,0.003195924674927353,-43880905.31,0.1229738800442636,0.13798828261007587,0.9162633946130113,-0.0037989098906676677,-0.029529074276793188,0.00794761620257689,33.56788765045326,499.1214671904762,489.961798,491.527679,1,0.009473948668514429,-402888643678.02,853939835.94,282040033.96
2024-04-26,v2.0_gex,SPY,2026-05-18T09:14:44.595928+00:00,6.803009499999994,22790235.2,4.0,,6420,4.0,-23222534.37,-0.004502046469636145,0.007440974299770975,-46012769.57,0.12408810211721531,0.10953810291349002,0.8625986931237418,0.009473948668514476,-0.028499395131778682,0.02645621685456523,39.527515915638304,498.42833452380955,492.5195616,496.184387,1,0.0035414919252587953,-427241054503.75,861186856.18,-332515300.58
2024-04-29,v2.0_gex,SPY,2026-05-18T09:14:44.596348+00:00,6.600786499999994,22414564.55,0.0,,6464,4.0,-23298543.53,0.00023721276344801367,0.00688155299986648,-45713108.08,0.12520316024086386,0.10391336479525726,0.6431036981962452,0.003541491925258766,-0.02487238445129314,0.02069157748114181,40.946487033954924,497.82352990476187,494.5384276,497.94162,0,-0.01584121648638243,-437294344830.23,833856244.81,-400247486.4
2024-04-30,v2.0_gex,SPY,2026-05-18T09:14:44.596773+00:00,6.660059071428565,15793762.83,1.0,,6486,4.0,-27496003.28,-0.013749235791038927,-0.007630799671493271,-43289766.11,0.13527348684148013,0.15070090374691394,1.0630409916969217,-0.01584121648638248,-0.03864695072491808,-0.007257901004432243,38.76350166652145,496.8854137142857,493.82187480000005,490.053619,0,-0.0032472120157937784,-375684243372.85,832196711.41,343371840.31
2024-05-01,v2.0_gex,SPY,2026-05-18T09:14:44.597191+00:00,6.724215214285713,15438565.17,2.0,,6406,5.0,-26918762.18,-0.01524828409585044,-0.008870355700384525,-42357327.35,0.13439340475687223,0.1508506188363525,1.0965885600827294,-0.00324721201579381,-0.035637286289766035,-0.010011628062305489,32.9535255845274,496.02585414285716,492.8339232,488.462311,1,0.009353343947144384,-373198144058.3,830992972.1,410373856.15
2024-05-02,v2.0_gex,SPY,2026-05-18T09:14:44.597609+00:00,6.544312142857142,19482706.2,3.0,,6278,5.0,-23706949.93,-0.00469619307911795,-0.00020995038643012442,-43189656.13,0.139483420603872,0.16870645653730923,0.8529195559598955,0.009353343947144488,-0.027685281842085963,0.003058602931697907,44.097306362898514,495.3573608095238,493.13460080000004,493.031067,1,0.012395360878952435,-383204110586.4,835383315.7,9791960.4
2024-05-03,v2.0_gex,SPY,2026-05-18T09:14:44.598026+00:00,6.251440071428569,23204360.4,4.0,,6345,5.0,-18477241.71,0.007809313625112502,0.010969984253401677,-41681602.11,0.1411846917610335,0.17914727847558476,1.0078656081297828,0.012395360878952433,-0.0034694169449450696,0.005961449165872157,56.95675167510507,495.2746102380953,493.72619640000005,499.142365,1,0.010326917451697396,-408231549810.35,829070713.94,-714237925.65
2024-05-06,v2.0_gex,SPY,2026-05-18T09:14:44.598462+00:00,6.3232647857142865,24710121.26,0.0,,6390,5.0,-17233342.4,0.01839467444383014,0.018787378926164555,-41943463.66,0.1410733141041413,0.19072174313754112,0.6667352506900553,0.010326917451697337,-0.0035877891748925528,0.012763237184310938,62.18228801040104,495.18814233333336,494.9972658,504.296967,1,0.0011034311852207174,-434732650670.68,805594890.69,-1128440545.58
2024-05-07,v2.0_gex,SPY,2026-05-18T09:14:44.598894+00:00,5.976001071428568,22998861.92,1.0,,6435,5.0,-19791897.26,0.01966964191442866,0.01384897503007787,-42790759.18,0.14112134606688273,0.10611390381114935,0.7393853639401401,0.0011034311852207157,-0.0030458170474643165,0.03020037895077765,66.22961944286364,495.1146952380952,497.9572268,504.853424,1,9.659635387557162e-05,-465550151058.18,808664413.8,-1035946828.58
2024-05-08,v2.0_gex,SPY,2026-05-18T09:14:44.599306+00:00,5.768896214285713,22716551.31,2.0,,6485,5.0,-19541785.99,0.019972122337469367,0.007295806881685518,-42258337.3,0.1410459539705558,0.08911717322197045,0.6019673279147099,9.659635387548882e-05,-0.004101482450938776,0.03365639401398979,67.62413650882625,495.0156773333334,501.24520279999996,504.902191,1,0.005761807042742575,-464400265986.25,812368191.67,-912581474.67
2024-05-09,v2.0_gex,SPY,2026-05-18T09:14:44.599716+00:00,5.552728071428573,24244525.75,3.0,,6535,5.0,-17421043.02,0.025266488624374306,0.007160003167417717,-41665568.78,0.13770190816643768,0.08587409628090585,0.6418940502368168,0.005761807042742539,0.011767600593977523,0.029978380652430525,75.6512388026467,495.2969258571429,504.20125740000003,507.81134,1,0.001288285527456013,-477154886999.12,812122068.8,-1198182897.2
2024-05-10,v2.0_gex,SPY,2026-05-18T09:14:44.600143+00:00,5.261942214285715,24476952.12,4.0,,6667,5.0,-18905264.93,0.026313744424275365,0.004741778551661691,-43382217.06,0.13540540641430154,0.06779284421322912,0.7779592082796235,0.001288285527456079,0.005482801567018969,0.018678400500025782,73.53989500038026,495.42895509523817,506.0658936,508.465546,1,0.00013420181669499104,-500705952807.44,818350812.7,-1169987500.48
2024-05-13,v2.0_gex,SPY,2026-05-18T09:14:44.600577+00:00,5.008816428571431,22860953.15,0.0,,6627,5.0,-22954086.92,0.025483466600965787,0.0031968510948598983,-45815040.07,0.1252616076193962,0.03715290277336807,0.5694050790666844,0.00013420181669498987,0.01969254011215993,0.008401430659407572,69.56403923047557,495.8966180952381,506.9132568,508.533783,1,0.004588314637102439,-516380540014.12,799270931.46,-1034618048.85
2024-05-14,v2.0_gex,SPY,2026-05-18T09:14:44.600996+00:00,4.941178857142859,23495160.57,1.0,,6689,5.0,-16198742.81,0.028371486681912694,0.0054143243819246845,-39693903.38,0.11563960883314092,0.04170347741002147,0.9156509535432831,0.004588314637102409,0.03736738909463866,0.0119117187566109,71.73758118658677,496.77291,508.1159912,510.867096,1,0.012383024958021549,-511500633738.18,790222398.35,-1275614877.73
2024-05-15,v2.0_gex,SPY,2026-05-18T09:14:44.601433+00:00,4.861686285714289,25766423.29,2.0,,6774,5.0,-11487166.98,0.03855466702003052,0.012963812023742971,-37253590.27,0.1204033050417942,0.07588482631310288,0.9571260457627127,0.01238302495802146,0.052132025278362804,0.024343298997488327,78.75742969669516,497.9932134761905,510.57418820000004,517.193176,0,-0.002057662493211251,-533345272937.35,780856532.84,-1915101900.15
2024-05-16,v2.0_gex,SPY,2026-05-18T09:14:44.601842+00:00,4.6239024285714265,24236578.81,3.0,,6929,5.0,-17544699.03,0.033702276277589815,0.007596577324719522,-41781277.84,0.11773309526213814,0.08893467456446494,0.8243849756315411,-0.0020576624932112653,0.056218043868603074,0.016379364430892718,74.30391724995607,499.3013741428572,512.2377136,516.128967,1,0.0014375166817559952,-561872435097.9,806167021.7,-1575537266.35
2024-05-17,v2.0_gex,SPY,2026-05-18T09:14:44.602272+00:00,4.533252285714282,24687158.99,4.0,,6993,5.0,-13806751.59,0.03231155335966629,0.005744340306239382,-38493910.58,0.11660529004364911,0.08873362649167663,0.9829088905938403,0.001437516681755957,0.05991752832072805,0.016530844746754925,73.65195960880884,500.69275047619044,513.9187866,516.870911,1,0.0011522819089349727,-560576986359.35,808568388.37,-1510986549.96
2024-05-20,v2.0_gex,SPY,2026-05-18T09:14:44.602692+00:00,4.136482999999994,20971147.82,0.0,,6910,5.0,-19643104.97,0.030162968115699407,0.0034150579856604413,-40614252.79,0.10905733334779126,0.08673326826437208,0.6608163393866431,0.0011522819089349046,0.07048248925922618,0.01756561569479831,91.88508572253791,502.3151753809524,515.7053284,517.466492,1,0.0024522979161323883,-586972024114.83,791281928.23,-1439892376.61
2024-05-21,v2.0_gex,SPY,2026-05-18T09:14:44.603119+00:00,3.727159285714277,21443319.71,1.0,,6841,5.0,-13621303.87,0.02967417016186702,0.002815637187547626,-35064623.58,0.1069215318790587,0.08635553183170303,0.6024272211992693,0.002452297916132329,0.06331527228530875,0.015402005847720446,96.71556458509224,503.7860412857143,517.279004,518.735474,0,-0.0028792941197615524,-455380616871.79,789668911.36,-1308554878.87
2024-05-22,v2.0_gex,SPY,2026-05-18T09:14:44.603545+00:00,3.5486467857142747,20083794.21,2.0,,6832,5.0,-14557255.79,0.024423692502817174,-9.059389061705225e-05,-34641050.0,0.10361322387929134,0.037181575701029486,0.884153827226533,-0.0028792941197615107,0.04781960935808893,9.417370967024219e-05,91.27816738990708,504.91011266666663,517.2887452000001,517.241882,0,-0.007304273167887157,-456772416856.08,794628273.6,-1208519696.14
2024-05-23,v2.0_gex,SPY,2026-05-18T09:14:44.603966+00:00,3.606525928571419,18563901.03,3.0,,6842,5.0,-17229467.44,0.015020541078672123,-0.006370334990374871,-35793368.47,0.10847192880058718,0.06452515577690801,1.0441639558801072,-0.007304273167887176,0.040660017986264174,-0.005163750090391717,76.52787303958874,505.86543347619056,516.755713,513.463806,1,0.006616629955802691,-453028731543.12,807771803.84,-860141127.93
2024-05-24,v2.0_gex,SPY,2026-05-18T09:14:44.604394+00:00,3.536102142857134,23688557.05,4.0,,6943,5.0,-12464376.95,0.019305775338961828,0.00020790172384077543,-36152934.01,0.10756057210150691,0.08432788667667215,0.7722856852762944,0.006616629955802589,0.05154038741325917,-1.8776448419521863e-05,74.89349041645205,507.0717919047619,516.753772,516.861206,1,0.0006986092123153179,-468780953214.0,822168585.97,-986883127.87
2024-05-28,v2.0_gex,SPY,2026-05-18T09:14:44.604827+00:00,3.6253604999999953,21030512.66,1.0,,6866,5.0,-19092356.43,0.01800662984245971,0.0010012646838843953,-40122869.09,0.1045749810062121,0.08399740041161076,0.6957392613757551,0.0006986092123153487,0.04239936513762177,-0.00047191847931282727,74.69760332992652,508.07359680952385,516.7049316,517.22229,0,-0.007002337428265312,-485755057172.37,798176569.83,-996017845.14
2024-05-29,v2.0_gex,SPY,2026-05-18T09:14:44.605256+00:00,3.753660428571428,18850011.57,2.0,,6822,5.0,-18457904.37,0.009396786704699789,-0.004028515923618303,-37307915.94,0.10890362709002435,0.09243516065928012,0.8678311744462684,-0.007002337428265282,0.03144727086681365,-0.009898974057825916,65.19964025201972,508.819258952381,515.6779418,513.600525,0,-0.006633704278242251,-465940018908.38,807078901.89,-708590575.69
2024-05-30,v2.0_gex,SPY,2026-05-18T09:14:44.605680+00:00,3.842216714285708,18552668.17,3.0,,6916,5.0,-20073788.19,0.0008143783871041865,-0.007923500149247809,-38626456.36,0.09384787300409683,0.0984190949131729,0.9167083011583739,-0.006633704278242281,0.041097200835078285,-0.013626953356418392,54.09135132151092,509.77829857142865,514.2682556,510.193451,1,0.009108196098738178,-461551386163.43,820536864.9,-418757164.78
2024-05-31,v2.0_gex,SPY,2026-05-18T09:14:44.606108+00:00,4.266883571428569,23276913.49,4.0,,7056,5.0,-15400194.97,0.0074476303410053735,0.0005768607666583048,-38677108.46,0.09499217019387801,0.11730869453464161,1.77685632147378,0.009108196098738253,0.054002287189768294,0.002680981568543128,59.628433530194584,511.03439771428566,514.543573,514.840393,1,0.0008151613698268814,-478485876094.32,819509734.5,-768553840.38
2024-06-03,v2.0_gex,SPY,2026-05-18T09:14:44.606540+00:00,4.5304706428571375,21472847.86,0.0,,7078,6.0,-22524330.32,0.006184715998635459,0.0020160986623116717,-43997178.17,0.09182941820530399,0.10503429532395604,0.9302915330533803,0.0008151613698268445,0.04508641643063038,-0.0030978045583865965,60.052523153467504,512.0929217142857,514.223346,515.260071,1,0.001117979118548872,-503828813184.55,808820344.27,-917835280.34
2024-06-04,v2.0_gex,SPY,2026-05-18T09:14:44.606947+00:00,4.5946224285714266,21434054.77,1.0,,7022,6.0,-18055258.41,0.005748349180219714,0.003677445465847917,-39489313.18,0.08398618365377893,0.10540720379901482,0.7136384362701765,0.0011179791185489396,0.03344487899759829,-0.0026800256423596958,57.83796037513839,512.8878624761904,513.9461122,515.836121,1,0.011885047887136917,-448840908963.7,807832487.37,-809662036.23
2024-06-05,v2.0_gex,SPY,2026-05-18T09:14:44.607385+00:00,4.561146714285708,24580107.76,2.0,,7044,6.0,-13128334.01,0.01603485020152795,0.012310396895423903,-37708441.76,0.08614125344703356,0.11659861957640957,0.9807231321825269,0.011885047887136846,0.03503866205088646,0.016289572523314755,57.576524019796665,513.7292858571428,515.6193788,521.966858,0,-1.871000016635781e-05,-468508699578.28,795841026.59,-1514810160.49
2024-06-06,v2.0_gex,SPY,2026-05-18T09:14:44.607797+00:00,4.5444074999999975,22971875.66,3.0,,7117,6.0,-18898614.41,0.014407610268523774,0.007693435507715618,-41870490.07,0.08631680010619508,0.08687218701353071,0.6484584117873812,-1.8710000166399787e-05,0.03387848271778782,0.023057216781091183,59.57040949066711,514.5437462380953,517.9721069999999,521.957092,0,-0.0012155405295268794,-476881385245.82,805452278.55,-1279619422.76
2024-06-07,v2.0_gex,SPY,2026-05-18T09:14:44.608231+00:00,4.694332000000003,22523716.57,4.0,,7230,6.0,-17321440.34,0.011637223460507329,0.003955712667390809,-39845156.91,0.08672120507089472,0.08387799221203723,0.9087185431182914,-0.0012155405295268817,0.03252202365665702,0.012590773933311095,57.33610224015724,515.3256719999999,519.2685548,521.322632,1,0.0030895589432226042,-515354329881.34,806675879.21,-1222143851.79
2024-06-10,v2.0_gex,SPY,2026-05-18T09:14:44.608651+00:00,4.766153214285716,22534651.66,0.0,,7196,6.0,-18024400.36,0.01334673135631359,0.004090010596217386,-40559052.02,0.08557158019834431,0.08253807938356107,0.7562617218543046,0.0030895589432227144,0.0297786752851954,0.01489193211713058,58.71723297887226,516.0457648095238,520.8031984,522.933289,1,0.0024085691741075285,-529700274156.61,777922846.64,-1318571777.64
2024-06-11,v2.0_gex,SPY,2026-05-18T09:14:44.609083+00:00,4.941180000000003,22167472.08,1.0,,7145,6.0,-16111130.02,0.01431541018662763,0.0032887225710502843,-38278602.1,0.08564113583984112,0.08122594082941587,0.7835719802434181,0.0024085691741075888,0.03093083518386508,0.016200278847863014,58.70477313500161,516.7946821428571,522.4745362,524.19281,1,0.008212846337972474,-523986066889.25,773513327.82,-1377836434.4
2024-06-12,v2.0_gex,SPY,2026-05-18T09:14:44.609512+00:00,5.17756071428572,24099229.02,2.0,,7104,6.0,-12103320.03,0.020768065445423423,0.009006011396185176,-36202549.05,0.0885675474446896,0.05765264675659644,1.3261255287171037,0.00821284633797248,0.03925824137430012,0.012512417023994304,66.47628066970287,517.7453555714286,523.7807496,528.497925,1,0.0020134175550452203,-536029196966.08,761861840.88,-1836922339.62
2024-06-13,v2.0_gex,SPY,2026-05-18T09:14:44.609979+00:00,4.856095285714288,24076449.83,3.0,,7154,6.0,-13079488.87,0.021067629277728317,0.008110154845298867,-37155938.7,0.08801008150156583,0.053764393954543216,0.9505801500655915,0.0020134175550452493,0.0365944805339351,0.014570009904185666,75.59794234148114,518.6355896666666,525.3017336,529.562012,1,0.000608434881465886,-543446342232.63,771327134.56,-1627368061.34
2024-06-14,v2.0_gex,SPY,2026-05-18T09:14:44.610399+00:00,4.761952357142852,24452610.82,4.0,,7243,6.0,-12772562.13,0.02049975470817378,0.005446089336368809,-37225172.95,0.07914831109725175,0.045975067314359734,0.8684336590290032,0.0006084348814658913,0.02453829746585834,0.016422812812009413,72.95277544183091,519.2399249047619,527.0140504000001,529.884216,1,0.00795888020940776,-545036791343.73,775082406.33,-1486475990.37
2024-06-17,v2.0_gex,SPY,2026-05-18T09:14:44.610832+00:00,5.007408642857135,25163831.23,0.0,,7219,6.0,-10914815.71,0.026929158481707516,0.009171146640849281,-36078646.94,0.0815625231157065,0.05648011984988022,1.202663248505965,0.007958880209407715,0.03482178902777999,0.02135685800641407,76.18934427701882,520.0957598571429,529.2476928,534.101501,1,0.002540820419825139,-600332496311.22,751290297.91,-1803606062.3
2024-06-18,v2.0_gex,SPY,2026-05-18T09:14:44.611268+00:00,4.829602071428558,24344685.84,1.0,,7241,6.0,-11647916.45,0.027789255874594687,0.007446300148120422,-35992602.29,0.08161878416716924,0.05621935654189102,0.9077411046471117,0.002540820419825174,0.035961872886284496,0.021491609165719128,86.47792209052648,520.9808858571429,531.5008422000001,535.458557,0,-0.0027166453518829704,-558492125808.92,758898601.72,-1716531247.97
2024-06-20,v2.0_gex,SPY,2026-05-18T09:14:44.611698+00:00,4.841459357142846,23358708.05,3.0,,7203,6.0,-12434856.6,0.023450106725092068,0.002632110842480717,-35793564.65,0.08302602461884886,0.061284122723818196,1.4921417393621068,-0.0027166453518829847,0.031958424855845546,0.010418169569918367,92.50620772897297,521.7683817619048,532.6020384000001,534.003906,0,-0.0013407055490714723,-560440065598.56,760613317.53,-1547029461.01
2024-06-21,v2.0_gex,SPY,2026-05-18T09:14:44.612130+00:00,4.388098071428565,17006298.45,4.0,,6935,6.0,-19702726.45,0.020722310595579163,-0.00011111860491597181,-36709024.91,0.08351584094717988,0.06594191992658141,1.3237335400448542,-0.001340705549071508,0.028053778330957346,0.007035912538227995,88.30919729426958,522.4613574761904,533.3472288,533.287964,0,-0.003250628397831225,-626168633793.33,772569355.5,-1345075830.42
2024-06-24,v2.0_gex,SPY,2026-05-18T09:14:44.612549+00:00,4.22311085714285,16623461.53,0.0,,6801,6.0,-22856232.43,0.016078847426523657,-0.003985208593252798,-39479693.96,0.0837615202867901,0.07407760202963161,0.9393628777729351,-0.00325062839783119,0.027670924374217476,0.0031520602983954316,82.08683909138834,523.142908,533.6812742,531.554443,1,0.0038509639547872863,-631197358258.44,770968419.82,-1205836375.63
2024-06-25,v2.0_gex,SPY,2026-05-18T09:14:44.612998+00:00,4.124016214285705,18534099.82,1.0,,6756,6.0,-14986028.2,0.01812547918951357,3.7816170538551575e-05,-33520128.02,0.07800006732929399,0.050722801592464714,0.797820710004773,0.0038509639547872343,0.03921918889838949,-0.0009362658578260241,83.06775306944584,524.1018429523809,533.581262,533.60144,1,0.0012482668712437749,-482100242644.46,763769504.4,-1219602903.3
2024-06-26,v2.0_gex,SPY,2026-05-18T09:14:44.613408+00:00,3.9092679999999893,18442043.2,2.0,,6809,6.0,-15171362.55,0.01778673228700689,0.001733336532774965,-33613405.75,0.07606127615836979,0.04705038051504204,0.8129731034663517,0.0012482668712436862,0.03367695388614633,-0.0022243364765203166,78.74343159631934,524.9307149047619,533.343054,534.267517,1,0.0015761804212400853,-486047805446.44,765724313.3,-1262339696.33
2024-06-27,v2.0_gex,SPY,2026-05-18T09:14:44.613849+00:00,3.8826046428571317,19688407.96,3.0,,6851,6.0,-14244839.07,0.01773951521261785,0.002896413233586248,-33933247.03,0.075994236554425,0.04373052723607376,0.7398840391209608,0.001576180421240192,0.03458344573664829,0.002070608449818989,79.58326425773568,525.7824924761904,533.5641966,535.109619,0,-0.0039349918693948275,-491686954740.26,769077232.02,-1280418529.55
2024-06-28,v2.0_gex,SPY,2026-05-18T09:14:44.614263+00:00,4.092052071428554,17712344.33,4.0,,6957,6.0,-17288176.96,0.011956377039002986,-0.0009436236547835097,-35000521.28,0.07223080520496877,0.05318509444446233,1.5592259034587936,-0.003934991869394833,0.037779248765370754,-0.0005325396768189883,74.64326515546873,526.7064659047619,533.5073971999999,533.003967,1,0.00205800344446603,-501916498219.21,781107663.28,-1107586848.85
2024-07-01,v2.0_gex,SPY,2026-05-18T09:14:44.614689+00:00,4.088624285714267,18072185.01,0.0,,6934,7.0,-18119326.48,0.011851919737351668,0.00015768084047085296,-36191511.48,0.06541532394613009,0.046291034818666074,0.8301072184720564,0.002058003444465939,0.04685955876764103,0.004790568555176344,74.08146258594478,527.8449154285714,534.0166868,534.100891,1,0.006729853966860162,-526762834951.28,779784865.8,-1217223166.9
2024-07-02,v2.0_gex,SPY,2026-05-18T09:14:44.615114+00:00,4.1177200714285505,20016525.35,1.0,,6794,7.0,-12773845.66,0.01656554429059498,0.005347160028587927,-32790371.02,0.06274153401797168,0.0599848247205095,0.8762053707139881,0.0067298539668601,0.04439224138343789,0.007672153208581944,76.45263696039916,528.933244904762,534.8354611999999,537.695312,1,0.004462519844324122,-460237541969.78,780566413.4,-1478061577.41
2024-07-03,v2.0_gex,SPY,2026-05-18T09:14:44.615543+00:00,3.8402132857142663,19989646.61,2.0,,6864,7.0,-14554123.26,0.01882406933285541,0.007637808970801574,-34543769.87,0.06309032104941291,0.06326458885476693,0.7209933800629577,0.00446251984432422,0.048198411632792704,0.010907028435344746,74.55256824318975,530.1158504761905,536.0009154,540.094788,1,0.005766584068572822,-471930318011.32,782646888.75,-1690559184.3
2024-07-05,v2.0_gex,SPY,2026-05-18T09:14:44.615964+00:00,3.8543464999999872,20064209.73,4.0,,6914,7.0,-12538345.67,0.022185785340409492,0.010394761297219057,-32602555.41,0.06408341222336834,0.06758787822436453,0.9057565774597854,0.005766584068572778,0.05306563050864743,0.015136470570528138,76.585458025083,531.4193347142857,537.6208495999999,543.20929,1,0.0011539401323567907,-480742802873.88,771846344.62,-1905000869.51
2024-07-08,v2.0_gex,SPY,2026-05-18T09:14:44.616396+00:00,3.7920498571428505,19012096.27,0.0,,7047,7.0,-15411439.37,0.021363815596658675,0.00750080772003292,-34423535.64,0.05438641613890281,0.03763088424807639,0.797887585802425,0.0011539401323568121,0.04189779995572063,0.020322839360781053,76.860094414198,532.4607281904762,539.7872804000001,543.836121,1,0.0009722542868754262,-497142412119.94,760396231.72,-1732903540.58
2024-07-09,v2.0_gex,SPY,2026-05-18T09:14:44.616808+00:00,3.442412142857133,19854101.17,1.0,,7120,7.0,-11989087.23,0.020312162862304195,0.004659663086515442,-31843188.4,0.05404076055207922,0.04176280584697307,0.6052264282894533,0.0009722542868755291,0.04293030278435217,0.019217299901489904,73.02969420171758,533.5277651428571,541.8400758,544.364868,1,0.009895419996133864,-485927381735.08,763082908.93,-1629079328.4
2024-07-10,v2.0_gex,SPY,2026-05-18T09:14:44.617236+00:00,3.7198672857142747,22525188.95,2.0,,7113,7.0,-6937680.8,0.027800665012473358,0.010106096005158216,-29462869.76,0.05909297485526743,0.05820803536849783,0.8624285987609301,0.009895419996133858,0.054532362984003324,0.022422131513767152,77.16008801772983,534.8815249047618,544.2513308,549.751587,0,-0.008622501711850424,-500217967414.17,753333365.76,-2078061888.46
2024-07-11,v2.0_gex,SPY,2026-05-18T09:14:44.617845+00:00,3.8301105714285604,19729063.49,3.0,,7327,7.0,-16908179.73,0.01693960637626568,-0.000409531570561561,-36637243.23,0.07058733253952372,0.10965657150499494,1.1608796250469662,-0.008622501711850417,0.042219656817449325,0.009103152093369093,68.59482578735818,535.9328612857142,545.2346438,545.011353,1,0.006307655759971052,-506722120581.96,792449207.09,-1394315202.81
2024-07-12,v2.0_gex,SPY,2026-05-18T09:14:44.618271+00:00,4.149117214285703,24413440.96,4.0,,7611,7.0,-9092626.26,0.021153285991197146,0.003965880991591897,-33506067.21,0.07215351271168323,0.11093231767899522,1.141673422520158,0.006307655759971054,0.04627359730477809,0.00964601875641713,73.45476154082702,537.0879225714286,546.2826052,548.449097,1,0.0027500072627524136,-512823823983.82,788123734.66,-1577389982.3
2024-07-15,v2.0_gex,SPY,2026-05-18T09:14:44.618687+00:00,4.210679357142851,21536028.42,0.0,,7663,7.0,-14227414.19,0.022016950313880734,0.004475720820764861,-35763442.61,0.06881431178042821,0.11081510143676444,0.8935803404216235,0.0027500072627524297,0.0406045321748425,0.011255624191979674,78.66970725165278,538.1097992857142,547.5068481999999,549.957336,1,0.005930081820019421,-532318301884.88,764122823.15,-1696967746.44
2024-07-16,v2.0_gex,SPY,2026-05-18T09:14:44.619127+00:00,4.271534285714275,23594738.44,1.0,,7650,7.0,-10325669.94,0.025929862410534632,0.007174929031449784,-33920408.38,0.0702100428032242,0.11279054451071899,0.8101467755265395,0.005930081820019417,0.04467204116597401,0.016264385379109347,79.44731387256688,539.2363048095239,549.2776001999999,553.218628,0,-0.01402106438107863,-530554337983.33,764262991.88,-1871732599.23
2024-07-17,v2.0_gex,SPY,2026-05-18T09:14:44.619545+00:00,4.624114571428565,18787177.42,2.0,,7673,7.0,-18349423.96,0.010155623067125585,-0.005393226730416645,-37136601.38,0.08988474906449259,0.14724422350488803,1.2462149889398977,-0.01402106438107864,0.029398305383755652,-0.007802929725785446,63.85458993342445,539.978099952381,548.4196656,545.461914,0,-0.007684811519214547,-515607025419.66,789704518.58,-1095034634.46
2024-07-18,v2.0_gex,SPY,2026-05-18T09:14:44.619984+00:00,5.095620714285701,19051203.59,3.0,,7717,7.0,-17706596.08,0.0017594742631950044,-0.011688178580252062,-36757799.67,0.09183881665202519,0.14450247752778123,1.2271509700558059,-0.007684811519214518,0.013421870162465543,-0.0068644643444703,57.04071567462249,540.3194638095238,547.6714234,541.270142,0,-0.006640830005361664,-507680820503.42,805784277.04,-756515029.55
2024-07-19,v2.0_gex,SPY,2026-05-18T09:14:44.620398+00:00,5.014473071428564,17798314.01,4.0,,7687,7.0,-19585572.77,-0.005087442089570016,-0.014373668643732906,-37383886.78,0.09491587333624839,0.1297139181672658,1.3937014861956605,-0.006640830005361642,0.00414056694213949,-0.019643460184236683,55.163448735682294,540.425040095238,545.5167358,537.675659,1,0.010310038974630223,-502134289660.5,815597171.18,-531981715.33
2024-07-22,v2.0_gex,SPY,2026-05-18T09:14:44.620826+00:00,5.2187542142857115,21860400.45,0.0,,7504,7.0,-14977789.13,0.004354619631290024,-0.0017457364159690902,-36838189.58,0.10037949073066757,0.16131681125377306,0.9481144485789855,0.010310038974630231,0.017256821338681227,-0.012252259509817787,59.17610216159503,540.8638596190476,544.1690918,543.219116,0,-0.0015686340463762947,-538319367315.48,794403220.13,-1022280980.04
2024-07-23,v2.0_gex,SPY,2026-05-18T09:14:44.621264+00:00,5.085835285714292,17377816.25,1.0,,7390,7.0,-19074115.12,0.001978231424921928,0.0006794056046257602,-36451931.37,0.1004443680263806,0.14472745370451556,0.7775038572482725,-0.0015686340463763049,0.017024648244264418,-0.019615434930726927,54.97599159928719,541.2961948571428,541.9987669999999,542.367004,0,-0.022662479297874107,-449214259151.9,792020302.68,-955403347.17
2024-07-24,v2.0_gex,SPY,2026-05-18T09:14:44.621686+00:00,5.807089285714288,11988039.09,2.0,,7365,7.0,-22364538.22,-0.020601664545791376,-0.016414052242406996,-34352577.31,0.12939397924422674,0.1900494504479877,1.6314099055509093,-0.022662479297874127,-0.0027820668597065,-0.028207819107238352,41.18562393647647,541.2257748571428,538.9215088,530.075623,0,-0.005210277326788152,-415228235050.54,805771454.45,-111918007.83
2024-07-25,v2.0_gex,SPY,2026-05-18T09:14:44.622102+00:00,6.232425928571429,14357012.57,3.0,,7426,7.0,-20857060.69,-0.025165311793490464,-0.016444614003908287,-35214073.26,0.12969525658299974,0.1892256894712293,1.30732604815425,-0.0052102773267881375,-0.011783435217116556,-0.025784463093476928,35.92858774400298,540.9263625714286,536.1302367999999,527.313782,1,0.011199477809210883,-413807056629.97,816776349.91,225496177.38
2024-07-26,v2.0_gex,SPY,2026-05-18T09:14:44.622538+00:00,6.702527428571427,19105922.0,4.0,,7512,7.0,-17618760.48,-0.014156712114669512,-0.003773208306477316,-36724682.48,0.13581648056288292,0.2203390683122452,1.1317348000794292,0.011199477809210823,-0.0019617438205586923,-0.00828796677961574,41.404925752911254,540.8764532380952,535.2389892,533.219421,1,0.0005878949409084528,-437293673791.89,822098697.6,-285192490.59
2024-07-29,v2.0_gex,SPY,2026-05-18T09:14:44.622962+00:00,6.8725327142857155,17185988.62,0.0,,7429,7.0,-22303102.51,-0.01344019019114906,0.0004334364211389108,-39489091.13,0.135706684187514,0.1968164068290692,0.8280985896518587,0.0005878949409083845,-0.002946538324140824,-0.017831143482807676,41.199974248842324,540.8013712857143,533.3017456,533.532898,0,-0.005066463586655906,-446369589403.65,801007588.03,-370460600.66
2024-07-30,v2.0_gex,SPY,2026-05-18T09:14:44.623389+00:00,7.080300714285719,15473117.77,1.0,,7502,7.0,-22625522.45,-0.01825060974952475,-0.0003098458875846477,-38098640.21,0.13616427483587035,0.19611332691773578,1.0114344942306355,-0.005066463586655856,-0.004079132866941615,-0.021272000167620653,33.92683605895445,540.6978382380952,530.9942994,530.829773,1,0.01625458562965723,-422360292347.88,800716549.74,-177346557.75
2024-07-31,v2.0_gex,SPY,2026-05-18T09:14:44.623827+00:00,7.430082214285717,22654382.86,2.0,,7494,7.0,-11903991.14,-0.0027631918230393016,0.012362054440388404,-34558374.0,0.14735487442257902,0.1538849941446731,1.3814626540209627,0.016254585629657203,0.010030501896316935,0.0177004329059669,45.575148142335145,540.9529477619047,532.870813,539.458191,0,-0.0141608008321076,-446890690612.17,797041358.41,-1010356524.53
2024-08-01,v2.0_gex,SPY,2026-05-18T09:14:44.624253+00:00,8.007218071428563,14520424.13,3.0,,7583,8.0,-27227360.76,-0.01637605690033561,-0.0036585514076296066,-41747784.89,0.15393774989696593,0.19427517494072308,1.5519844287391835,-0.014160800832107578,-0.010928644659635722,0.008543772519869597,37.58044041312213,540.6731248571429,533.7718628,531.819031,0,-0.01861861539889127,-451009721592.07,816309953.6,-199513529.81
2024-08-02,v2.0_gex,SPY,2026-05-18T09:14:44.624668+00:00,8.65082614285713,12236352.39,4.0,,7744,8.0,-24233606.44,-0.03314187381943501,-0.01805067645599756,-36469958.84,0.16512661479504007,0.21750870931676572,1.6036099995498823,-0.018618615398891314,-0.03365611260073853,-0.021196009662971416,31.392138826078508,539.807530047619,531.511438,521.917297,0,-0.029123702332478883,-403268790594.49,833189185.9,575817209.38
2024-08-05,v2.0_gex,SPY,2026-05-18T09:14:44.625100+00:00,9.980008285714275,9353839.58,0.0,,7878,8.0,-24824628.93,-0.05826878743783015,-0.03693094238632744,-34178468.51,0.18883537269902553,0.2731299074155606,2.583491106950915,-0.02912370233247885,-0.06717881610603538,-0.050260752618107585,23.361799621792088,538.0698082857143,526.148285,506.717133,1,0.009219706016926815,-369393278240.66,803433946.63,1140171555.17
2024-08-06,v2.0_gex,SPY,2026-05-18T09:14:44.625534+00:00,10.268236785714278,12627241.06,1.0,,8264,8.0,-23973510.73,-0.046849263662569474,-0.020815676550643758,-36600751.78,0.19322078547600846,0.3069960988828358,1.4392956328077051,0.009219706016926787,-0.05966357096754893,-0.03662352412926928,29.766278861375255,536.5247032857143,522.2601136000001,511.388916,0,-0.006684055702138097,-385229239474.18,818018364.88,785351328.21
2024-08-07,v2.0_gex,SPY,2026-05-18T09:14:44.625950+00:00,10.579543857142852,11837227.18,2.0,,8743,8.0,-26181266.54,-0.05015202963333998,-0.015489230737273929,-38018493.71,0.1930981404036409,0.22949506424247074,1.1589304423619051,-0.0066840557021381475,-0.06685608520937836,-0.058368614149006515,30.042308937234722,534.7916507142857,515.9626282,507.970764,1,0.023117314680732238,-380001266059.06,818574808.28,991678499.41
2024-08-08,v2.0_gex,SPY,2026-05-18T09:14:44.626390+00:00,11.03145828571428,19992970.03,3.0,,8718,8.0,-17164095.93,-0.02558789142836171,0.012018745307434298,-37157065.96,0.2088657402311946,0.33414541122900043,1.017745325739201,0.023117314680732193,-0.05463904736304115,-0.02276215459465203,40.192576524067704,533.3612743809524,513.5415588,519.713684,1,0.004409753043947286,-424579640107.27,841961685.62,243264247.47
2024-08-09,v2.0_gex,SPY,2026-05-18T09:14:44.626816+00:00,11.008366285714285,17783359.49,4.0,,8676,8.0,-22772711.34,-0.019276581479401034,0.01644658499525109,-40556070.82,0.2090506256264668,0.31192904160099255,0.7379509399517025,0.0044097530439473065,-0.042211707835744794,0.00016898462746306464,37.990709305710574,532.2657572380953,513.559198,522.005493,1,0.0005253412151354241,-443874341530.26,841337143.27,-34914714.4
2024-08-12,v2.0_gex,SPY,2026-05-18T09:14:44.627245+00:00,11.10070935714285,16960041.85,0.0,,8656,8.0,-25099159.38,-0.01645866306007071,0.01085410256486563,-42059201.23,0.20709733823068513,0.17536384366267146,0.693802887976797,0.0005253412151353665,-0.047715226705898006,0.030712581017070084,38.55345208583009,531.0195966190475,516.6717162,522.279724,1,0.016445775329390334,-453675587816.36,817407699.35,-57877828.77
2024-08-13,v2.0_gex,SPY,2026-05-18T09:14:44.627671+00:00,10.787308499999995,21683750.49,1.0,,8603,8.0,-14115393.84,0.0014306256382163873,0.019788552904418166,-35799144.33,0.21640791752203675,0.1900770796054835,0.8457637168826041,0.01644577532939029,-0.03470872329631047,0.03809254051176958,50.47202492657982,530.1106291428572,520.5677367999999,530.869019,1,0.0031544899778753184,-473659438301.42,809625480.99,-799244364.28
2024-08-14,v2.0_gex,SPY,2026-05-18T09:14:44.628104+00:00,10.425634642857144,20834898.64,2.0,,8492,8.0,-19260533.45,0.006458827219258723,0.013437803402220228,-40095432.08,0.21539542391578886,0.1530076256372801,0.6828531026638847,0.0031544899778752633,-0.037372183353160726,0.04837458716423293,53.15224384045182,529.126105904762,525.4823119999999,532.54364,1,0.017140362431142857,-506894632849.84,824682093.5,-904859470.74
2024-08-15,v2.0_gex,SPY,2026-05-18T09:14:44.628535+00:00,10.483708142857145,25751394.91,3.0,,8360,8.0,-6072516.96,0.02405921208386852,0.022265164539768456,-31823911.87,0.21991712784210896,0.12346935220248655,0.9760691779435952,0.017140362431142808,-0.0069487582958907,0.042250084375303976,54.9039893289608,528.9456162380952,529.8739014,541.671631,1,0.0022418656073202306,-526790509410.48,805781855.57,-1629998589.99
2024-08-16,v2.0_gex,SPY,2026-05-18T09:14:44.628973+00:00,10.44383242857143,23325863.52,4.0,,8348,8.0,-14367951.92,0.02620573455000974,0.016545241082295714,-37693815.44,0.21840490478168498,0.12858967186393633,0.7192364248894141,0.0022418656073202037,0.0029852819777376194,0.040000523519395204,55.37053790386379,529.0225611904762,534.05,542.885986,1,0.009561484609772148,-586335072579.15,824810562.88,-1583432116.46
2024-08-19,v2.0_gex,SPY,2026-05-18T09:14:44.629405+00:00,10.229065428571428,23188995.76,0.0,,8115,8.0,-11631016.34,0.035048731862946436,0.016445132835659626,-34820012.1,0.21924276797922534,0.1109867272104417,0.6464459892835215,0.009561484609772242,0.0193446045509007,0.04939318302925355,59.6281618872893,529.5178527619048,539.2094116000001,548.076782,0,-0.001626002102749133,-647326061626.41,799944673.76,-1992238795.75
2024-08-20,v2.0_gex,SPY,2026-05-18T09:14:44.629844+00:00,9.670114714285717,20518388.23,1.0,,7840,8.0,-13649027.24,0.032997267292933286,0.008687770545097395,-34167415.47,0.21671086590726082,0.11602633926793332,0.561639126292993,-0.0016260021027491023,0.007301826985043114,0.03073562105909966,54.721733103616884,529.7067333333334,542.4727294,547.185608,1,0.0034364408941105927,-531078055812.1,803484886.65,-1673492850.39
2024-08-21,v2.0_gex,SPY,2026-05-18T09:14:44.630275+00:00,9.106265500000006,22479029.81,2.0,,7861,8.0,-9804239.53,0.03592324995272289,0.006025868828658298,-32283269.34,0.2168459691575608,0.11559942645982554,0.6873578905415682,0.0034364408941105484,0.012351369000316303,0.0310253240466829,61.33632505658554,530.0257321428571,545.7771972,549.065979,0,-0.007848355507016366,-533714283457.59,809539382.41,-1677068228.07
2024-08-22,v2.0_gex,SPY,2026-05-18T09:14:44.630691+00:00,8.67182657142858,19588557.24,3.0,,7852,8.0,-14807398.24,0.026439091309125695,-0.0029969200965941356,-34395955.48,0.20205458233904378,0.10214715351623609,0.9428783871235882,-0.007848355507016347,0.027696219865594562,0.005695485647465803,66.2034711006528,530.7248317142856,546.3942138,544.756714,1,0.010625196259627892,-528678336876.37,824725960.82,-1294363507.25
2024-08-23,v2.0_gex,SPY,2026-05-18T09:14:44.631120+00:00,7.569307714285726,25928146.37,4.0,,7834,8.0,-5461656.04,0.03518746526580685,0.004779609388004369,-31389802.42,0.20303278936156133,0.12283825587538845,0.8579958977976844,0.01062519625962799,0.04405551266247776,0.014107704375334373,85.88618078500011,531.8310735714285,547.9259887999999,550.544861,0,-0.0023837803110471085,-542232447066.77,825521590.03,-1614091891.96
2024-08-26,v2.0_gex,SPY,2026-05-18T09:14:44.631554+00:00,7.043928785714294,21063395.79,0.0,,7820,8.0,-15346717.24,0.031241236575604736,0.001961762317972182,-36410113.03,0.20080121637834045,0.11027239595936245,0.615298652444958,-0.0023837803110471345,0.030030905419703435,0.0021086479813698933,82.79025718402598,532.5936003333333,548.1571289999999,549.232483,1,0.0013730979564076174,-592222006559.27,820219931.2,-1476940133.65
2024-08-27,v2.0_gex,SPY,2026-05-18T09:14:44.631982+00:00,6.35835185714287,22855905.67,1.0,,7822,8.0,-8627371.45,0.03114029664441098,0.0023132110493888636,-31483277.12,0.20077917700243603,0.10880810351895324,0.5652497001773455,0.0013730979564077206,0.03083921359241093,0.005118966871657804,88.16744339042796,533.3771115238095,548.7173339999999,549.986633,0,-0.005805250179598471,-584579569630.62,816674968.7,-1395579543.64
2024-08-28,v2.0_gex,SPY,2026-05-18T09:14:44.632412+00:00,5.937218500000013,20230026.07,2.0,,7836,8.0,-12717753.82,0.023695253102975267,-0.0026795170574139826,-32947779.89,0.2010996142745709,0.11552118118503686,0.713395432722633,-0.005805250179598431,0.030073765285957066,-0.004138220335811349,79.12381975496477,534.1373043809524,548.2629027999999,546.793823,1,8.963341928620157e-05,-581280742522.18,829818607.6,-1123167836.62
2024-08-29,v2.0_gex,SPY,2026-05-18T09:14:44.632850+00:00,5.975693714285724,21580879.4,3.0,,7829,8.0,-12451382.43,0.02311344296047002,-0.003348568155211451,-34032261.83,0.19385889788124894,0.09729841115892318,0.687892340030099,8.963341928613922e-05,0.01368899967263637,0.0038294525728417295,78.06568321300851,534.4889540476191,548.6801267999999,546.842834,1,0.009545874381888501,-590262866967.31,836665239.68,-1141504352.24
2024-08-30,v2.0_gex,SPY,2026-05-18T09:14:44.633283+00:00,6.135196500000006,24538543.16,4.0,,7840,8.0,-7004193.23,0.031020424731674323,0.005608885611074532,-31542736.38,0.18822636940568602,0.09057843149531478,1.1271490980381884,0.009545874381888586,0.038065384689101034,0.0027573883756586426,80.27089311886547,535.4529490952381,548.98374,552.062927,0,-0.020578996422992737,-608233230557.78,834158294.94,-1567959127.86
2024-09-03,v2.0_gex,SPY,2026-05-18T09:14:44.633702+00:00,6.496163857142863,15286085.36,1.0,,7721,9.0,-22436807.65,0.008118927234222584,-0.012015149196794694,-37722893.01,0.19108586541575168,0.17914671425693923,1.1104911572291798,-0.020578996422992768,0.035991773232991964,-0.015531595934394016,59.460988990387065,536.34746,547.2776486,540.702026,0,-0.002046875999684221,-595436613723.3,832776003.04,-635325895.27
2024-09-04,v2.0_gex,SPY,2026-05-18T09:14:44.634133+00:00,6.5052542857142885,18104084.2,2.0,,7723,9.0,-16072121.92,0.003127252686512927,-0.010278994133817831,-34176206.11,0.154720961514855,0.17533517541899696,0.9472596679003585,-0.002046875999684228,0.06488460890466885,-0.01889383555254509,56.85980938629903,537.9130858571428,545.1993772,539.595276,0,-0.0024320394532142036,-533136315322.67,838112374.94,-373616440.55
2024-09-05,v2.0_gex,SPY,2026-05-18T09:14:44.634569+00:00,6.301678357142862,17292827.58,3.0,,7876,9.0,-18855711.6,-0.001689180491625919,-0.009593877130897654,-36148539.18,0.15410116912296892,0.17453939231759238,0.9236603029799574,-0.002432039453214241,0.05259019536512599,-0.01556503318436353,46.112349450195595,539.1937545714286,543.4972044,538.282959,0,-0.016830044214719522,-537901424644.72,839850851.99,-299776528.76
2024-09-06,v2.0_gex,SPY,2026-05-18T09:14:44.634985+00:00,6.889310428571434,13668269.99,4.0,,8087,9.0,-24065588.57,-0.020329591120027746,-0.01990789159744244,-37733858.56,0.16546489999196295,0.19544700898332773,1.4323934249132344,-0.016830044214719564,0.04183876416950638,-0.032219862645214925,36.71687723171923,540.205795952381,539.9733641999999,529.223633,1,0.011196083527887446,-516943805113.97,842880678.04,281857324.92
2024-09-09,v2.0_gex,SPY,2026-05-18T09:14:44.635432+00:00,7.001238428571436,20823999.4,0.0,,8163,9.0,-16552115.54,-0.010707159678991718,-0.002686753978734413,-37376114.94,0.1511736395388376,0.2040516617645646,0.8655109357955411,0.01119608352788748,0.029699393098912674,-0.030637923998834138,37.60789886391939,540.9408045714285,536.5905518,535.148865,1,0.004355670267561834,-545750174049.36,833197822.24,-85045605.42
2024-09-10,v2.0_gex,SPY,2026-05-18T09:14:44.635865+00:00,7.159340714285714,19565714.58,1.0,,8105,9.0,-20410863.04,-0.0077497732969155075,0.002861651540761345,-39976577.62,0.15116026127622528,0.1653402680495431,0.78620885459716,0.004355670267561784,0.029643948593468084,-0.005959343307509801,40.94635610495051,541.6776761904762,535.946106,537.479797,1,0.010258947463284965,-544739840143.89,830330999.04,-355750468.17
2024-09-11,v2.0_gex,SPY,2026-05-18T09:14:44.636295+00:00,7.72038878571429,22997553.4,2.0,,8093,9.0,-14837762.57,0.0006075848776125881,0.011866683140368428,-37835315.97,0.15415233267645614,0.18327436434499253,1.572635777644421,0.01025894746328504,0.039660835081547274,0.006298235272170993,44.69540111761171,542.6640595238096,536.6258055999999,542.993774,1,0.008423510948027822,-566485876803.54,822104365.49,-932274318.68
2024-09-12,v2.0_gex,SPY,2026-05-18T09:14:44.636710+00:00,7.612657428571432,25161313.12,3.0,,8170,9.0,-12585122.23,0.007559819583643046,0.016871360459327578,-37746435.34,0.1470681411425224,0.1856350224303474,1.083542075425952,0.008423510948027735,0.03145534661535776,0.017248788661726744,52.44432785173746,543.4592342380952,538.4827514000001,547.567688,1,0.005222514152442147,-592372153143.06,818022407.7,-1462770814.11
2024-09-13,v2.0_gex,SPY,2026-05-18T09:14:44.637133+00:00,7.407678500000007,26186680.61,4.0,,8189,9.0,-12158868.46,0.011237196126612004,0.014194833322514588,-38345549.07,0.14753590984089904,0.04754344565484515,0.8245532166215812,0.005222514152442237,0.033581713603790364,0.040065737200364326,49.892349427966714,544.3108403333333,542.7234984,550.427368,1,0.0014769014901162129,-636945610723.08,811878798.2,-1568803287.3
2024-09-16,v2.0_gex,SPY,2026-05-18T09:14:44.637566+00:00,7.292248642857146,25536034.88,0.0,,8116,9.0,-13759960.75,0.011883631073042578,0.009705266662860756,-39295995.63,0.13647561502906802,0.054531254603762,0.7879139890339888,0.0014769014901161448,0.017665063947201354,0.030069072462668878,51.856609017517705,544.766491,545.9417844,551.240295,1,0.0004085695513243199,-651430981122.19,789915408.66,-1409188648.63
2024-09-17,v2.0_gex,SPY,2026-05-18T09:14:44.637987+00:00,7.435662785714287,24532460.86,1.0,,8012,9.0,-12506190.54,0.011538450109528142,0.004968823717204973,-37038651.4,0.13638537815089957,0.06736876705996203,1.054862814700928,0.0004085695513242893,0.01580355585012283,0.026020918512775326,51.381020406705446,545.17504,548.738928,551.465515,0,-0.002965730323137221,-602352364306.09,786137181.77,-1340928978.83
2024-09-18,v2.0_gex,SPY,2026-05-18T09:14:44.638417+00:00,7.52310414285714,23998233.52,2.0,,8224,9.0,-13434098.31,0.008384077257820977,-0.0005020114511472551,-37432331.83,0.13308840356213295,0.06980962558462953,1.2377202020611386,-0.0029657303231371834,0.003198885735685053,0.012589910469212873,52.920215985339546,545.2585273809524,550.1061766,549.830017,1,0.01706437755289019,-601813089445.14,799599855.52,-1091417052.61
2024-09-19,v2.0_gex,SPY,2026-05-18T09:14:44.638843+00:00,7.871485142857141,29631902.93,3.0,,8178,9.0,-2541821.11,0.024515427864729933,0.012268191616813029,-32173724.04,0.14494497606494502,0.12194323953820325,1.5158686345038572,0.017064377552890253,0.02197959124685167,0.021266477652348348,60.086298476330285,545.8312376666667,552.4351438,559.212524,0,-0.0017286343894544318,-629807328327.91,784738129.61,-1911084998.25
2024-09-20,v2.0_gex,SPY,2026-05-18T09:14:44.639270+00:00,7.668101785714287,20313760.11,4.0,,7747,9.0,-16436142.03,0.02192599129067463,0.007666098720471526,-36749902.14,0.1449728895709731,0.12814999465089952,1.5078878139280643,-0.0017286343894544753,0.016719067199754578,0.014204384546518511,55.41735771631598,546.2683743809523,553.9988402000001,558.24585,1,0.002498823770924538,-690598935829.92,797013624.25,-1568791920.48
2024-09-23,v2.0_gex,SPY,2026-05-18T09:14:44.639702+00:00,6.8333045714285765,23313866.4,0.0,,7659,9.0,-11830483.81,0.023152095936688433,0.007129773858330246,-35144350.2,0.141571000806661,0.12767926583368963,0.867984918718835,0.0024988237709244743,0.027322460866448406,0.015239294144852034,70.10490168011032,546.9771407619048,555.6789428,559.640808,1,0.002861222729133134,-700415166442.82,795931829.7,-1639386349.78
2024-09-24,v2.0_gex,SPY,2026-05-18T09:14:44.640123+00:00,6.749466785714284,22850737.51,1.0,,7641,9.0,-9940908.84,0.02512488030625315,0.006469853998179564,-32791646.35,0.13766435426776907,0.1256859392735691,0.9242056541559931,0.0028612227291331394,0.019430213153874165,0.017728307090970175,72.74089005894075,547.4865314285714,557.6342528000001,561.242065,0,-0.0022053443196565297,-558488993391.15,794196753.26,-1646641922.13
2024-09-25,v2.0_gex,SPY,2026-05-18T09:14:44.640544+00:00,6.489870142857138,22171097.73,2.0,,7739,9.0,-11665970.2,0.02190669306174442,0.000598955687238556,-33837067.93,0.13761167059122287,0.12330183691071714,0.756916069231788,-0.002205344319656577,0.01961255084761615,0.018504475356790007,72.85506089726655,547.9994766666667,559.669116,560.004333,1,0.0039646389664632345,-558436951115.83,807456435.55,-1460155150.84
2024-09-26,v2.0_gex,SPY,2026-05-18T09:14:44.640977+00:00,5.976723642857142,25447556.0,3.0,,7721,9.0,-7222047.97,0.02486831074293261,0.0034858584230934575,-32669603.98,0.13800821817001258,0.04500121366882157,0.9382930276287557,0.003964638966463152,0.02225129533284509,0.0053861883822903245,90.56087572173217,548.5822345238096,560.2715208,562.224548,0,-0.001450470284339253,-585393333630.88,807054049.27,-1664628480.53
2024-09-27,v2.0_gex,SPY,2026-05-18T09:14:44.641401+00:00,5.729195071428568,24421209.41,4.0,,7908,9.0,-10967620.65,0.022085092666755735,0.0009001459319533112,-35388830.06,0.13608387287387833,0.04393827109030758,0.8164768921015746,-0.0014504702843392003,0.026728968735991065,0.0056663350027590376,86.91238231181518,549.278198095238,560.9041623999999,561.409058,1,0.004007336482982165,-596466417926.73,818024554.23,-1579195892.42
2024-09-30,v2.0_gex,SPY,2026-05-18T09:14:44.641846+00:00,5.767621571428573,25672332.99,0.0,,7891,9.0,-10729683.05,0.0246870995114723,0.0034734246651504375,-36402016.04,0.13633533694278363,0.047992174046968636,1.2049466257839299,0.004007336482982238,0.030751027451518143,0.007179614035579762,86.8824465719325,550.0789589999999,561.7077634,563.658813,0,-0.008958539959881799,-615349326185.93,802428443.72,-1811518166.17
2024-10-01,v2.0_gex,SPY,2026-05-18T09:14:44.642270+00:00,5.255872785714287,19047798.36,1.0,,7816,10.0,-19870986.07,0.014932236968348223,-0.00458309721604544,-38918784.43,0.1376132722042147,0.08518805652268407,1.3653962382559017,-0.008958539959881828,0.011857934448838758,-0.004691045386984727,72.29165804502838,550.3906888095238,561.1812010000001,558.609253,1,0.0004221913595836067,-574205634134.43,822740423.49,-1282307601.37
2024-10-02,v2.0_gex,SPY,2026-05-18T09:14:44.642686+00:00,5.1148525,20830624.4,2.0,,7939,10.0,-16200907.78,0.013769405294664638,-0.0037512477530212696,-37031532.18,0.1136728524892824,0.08476806890164211,0.7305394634621516,0.00042219135958365683,0.033554649562197,-0.002070055411517613,68.37470259791957,551.2546443809524,560.949353,558.845093,0,-0.0018281774552505142,-520792078639.69,830785472.15,-1297590036.79
2024-10-03,v2.0_gex,SPY,2026-05-18T09:14:44.643114+00:00,5.141669714285707,19927203.37,3.0,,7964,10.0,-20245434.97,0.01032519406434007,-0.004009689672443528,-40172638.35,0.11358741576113872,0.07540647022574641,0.7878353167831338,-0.0018281774552505459,0.03378115007811888,-0.007828052004588026,62.81843362208507,552.1226514761904,560.0691284,557.823425,1,0.009087160511410928,-535165457908.59,841325396.87,-1240135963.81
2024-10-04,v2.0_gex,SPY,2026-05-18T09:14:44.643543+00:00,5.305851142857136,23531498.44,4.0,,7973,10.0,-14335772.45,0.017346861669924385,0.004508926069236585,-37867270.89,0.11541951215175401,0.10676747487682958,0.8292060370157299,0.009087160511410897,0.04571851400556781,0.0026422765697522443,67.5985779332819,553.2945322857142,560.365808,562.892456,0,-0.00904035032937094,-561026575145.89,829641125.88,-1864815045.86
2024-10-07,v2.0_gex,SPY,2026-05-18T09:14:44.643958+00:00,5.346381142857142,19024481.46,0.0,,7958,10.0,-25189774.25,0.0056759965149491,-0.002487642286456815,-44214255.72,0.10134167913594493,0.11958812523645135,0.9816044592959581,-0.009040350329370894,0.05400378255594651,-0.010387670457660314,58.34655598454616,554.6554883809523,559.1947876,557.803711,1,0.009457541956008918,-595348976618.79,819233822.44,-1196503795.12
2024-10-08,v2.0_gex,SPY,2026-05-18T09:14:44.644387+00:00,5.216149785714281,25634639.13,1.0,,7935,10.0,-11863542.81,0.01275871474303436,0.00533914186877138,-37498181.93,0.09965677322373752,0.12391627271152857,0.7368337750674329,0.009457541956009008,0.05219164203964066,0.008001854562906807,65.92105426109734,555.9855025714286,560.0887696,563.079163,1,0.006926461244313439,-598426226822.18,804593452.95,-1582777797.87
2024-10-09,v2.0_gex,SPY,2026-05-18T09:14:44.644808+00:00,4.775136642857133,23869674.3,2.0,,7904,10.0,-14299928.82,0.017203508516053567,0.009370749325912087,-38169603.12,0.10066683168893713,0.1285105812005884,0.7458888135443322,0.006926461244313398,0.05488487597981284,0.014555403817422263,60.74942224345652,557.3902412380952,561.7156128,566.979309,0,-0.0017499527482755892,-617169857867.27,794249961.86,-2018531759.33
2024-10-10,v2.0_gex,SPY,2026-05-18T09:14:44.645232+00:00,4.701457857142843,23144658.31,3.0,,7901,10.0,-17861900.01,0.013432692453332562,0.004684081864613665,-41006558.33,0.09767689980274326,0.12833033280706868,0.8944476605356785,-0.0017499527482756072,0.042345509471716225,0.014634912472526462,60.706550522217,558.4851625714285,563.3483522,565.987122,1,0.00598815921468973,-620094352811.48,810486338.23,-1612316517.8
2024-10-11,v2.0_gex,SPY,2026-05-18T09:14:44.645654+00:00,4.855132642857135,25681915.12,4.0,,7814,10.0,-11204422.36,0.01760903707336925,0.00837909184367125,-36886337.48,0.09602165914773816,0.12068877121859133,0.864518975524736,0.005988159214689759,0.039828235810729584,0.011518873509294147,62.76078578192168,559.5236699523809,564.6451296,569.376343,1,0.008178342948821858,-626663456602.76,806398414.61,-1929433373.73
2024-10-14,v2.0_gex,SPY,2026-05-18T09:14:44.646079+00:00,4.990563214285706,26735754.2,0.0,,7855,10.0,-8839891.15,0.023874447658346787,0.010815334909174634,-35575645.35,0.09783362295550123,0.06955996248441886,0.74299878902408,0.008178342948821804,0.04288582176749611,0.02909479926353531,65.52225390458206,560.6477428095238,567.890967,574.032898,0,-0.007769734131161336,-676599272951.47,782811060.89,-2118013244.78
2024-10-15,v2.0_gex,SPY,2026-05-18T09:14:44.646512+00:00,5.227741714285701,23514582.9,1.0,,7866,10.0,-14949426.4,0.014339800405409608,0.0006730929982570188,-38464009.3,0.10356814520000891,0.10861159953085829,1.0932504098456308,-0.007769734131161332,0.03325685761052721,0.011532396200567563,60.76950882246938,561.520719952381,569.1896974,569.572815,1,0.004346497822231879,-636490972676.7,797826232.92,-1329529995.37
2024-10-16,v2.0_gex,SPY,2026-05-18T09:14:44.646938+00:00,5.161780785714273,27982961.4,2.0,,7962,10.0,-6013880.79,0.01697348819953115,0.0032355710012372807,-33996842.19,0.10391234109595805,0.10314179314034459,0.6309801268173111,0.004346497822231843,0.03732408725502978,0.008940631376726405,60.99378952694967,562.5008602857143,570.203528,572.048462,1,8.578294193547498e-05,-637581127717.79,792462591.59,-1507067668.31
2024-10-17,v2.0_gex,SPY,2026-05-18T09:14:44.647373+00:00,5.173010499999991,25635224.35,3.0,,7965,10.0,-11115063.61,0.015147095800155386,0.0011758723931356574,-36750287.97,0.1026972829281581,0.09995395187767843,0.7237601658379745,8.578294193539726e-05,0.040498911138931115,0.010796026556943561,62.170069509612276,563.5612182380953,571.4256104,572.097534,1,0.0038465871100922286,-655269784950.86,796048714.08,-1644620447.92
2024-10-18,v2.0_gex,SPY,2026-05-18T09:14:44.647804+00:00,4.944257142857135,26648727.06,4.0,,7904,10.0,-8039853.69,0.017754630169813712,0.0032986563624044507,-34688580.75,0.08743904509647366,0.09588134681451194,0.8184590795875835,0.0038465871100923366,0.02697656499552914,0.008644219347202275,62.12769609751401,564.2795817142857,572.4099732,574.298157,0,-0.0016422044690627847,-671621283518.52,794330410.31,-1775933003.0
2024-10-21,v2.0_gex,SPY,2026-05-18T09:14:44.648253+00:00,4.676905642857134,21172429.92,0.0,,7679,10.0,-17155824.98,0.014789360619734904,0.0018883248948815545,-38328254.9,0.08740215341382296,0.07810046729508607,0.8326874144903382,-0.0016422044690628246,0.027065480200166192,-0.0011808661182342028,68.54471690992862,564.9990670476191,572.274402,573.355042,0,-0.000531199654122903,-703861256050.19,779435524.77,-1525964132.13
2024-10-22,v2.0_gex,SPY,2026-05-18T09:14:44.648668+00:00,4.641117714285705,22026767.49,1.0,,7422,10.0,-11165360.52,0.013105304591278566,0.00014056898135939022,-33192128.02,0.08749699070293854,0.042839113241763926,0.7896882652286693,-0.0005311996541228492,0.02396120477333019,0.006105735576583005,67.83425828108182,565.6376226666666,572.9699342,573.050476,0,-0.009137318995962172,-556089367246.87,780303187.27,-1222045673.42
2024-10-23,v2.0_gex,SPY,2026-05-18T09:14:44.649086+00:00,4.963202142857134,19410144.24,2.0,,7384,10.0,-16688817.97,0.0032931201524877274,-0.007531206028475901,-36098962.21,0.0941786823500134,0.07569648207054842,1.1360930036929369,-0.009137318995962151,0.011710216339539725,-0.007401699823117336,61.34283901736556,565.9505877142858,572.123108,567.814331,1,0.0021628337520772385,-547443563366.56,794350014.32,-709338870.43
2024-10-24,v2.0_gex,SPY,2026-05-18T09:14:44.649526+00:00,4.819359428571423,24891450.92,3.0,,7431,10.0,-11728151.45,0.004699038926249344,-0.004321283949752508,-36619602.37,0.09377923632863087,0.07973548640598556,0.8089154502653997,0.0021628337520771534,0.016139314407769056,-0.005340199561146841,57.64927525900516,566.3809727619048,571.5120850000001,569.042419,0,-0.00034558935051898877,-556968596880.24,807416738.61,-742882953.27
2024-10-25,v2.0_gex,SPY,2026-05-18T09:14:44.649954+00:00,4.821470285714278,22469347.38,4.0,,7455,10.0,-14527296.48,0.0037930287467597967,-0.0027625924094026866,-36996643.86,0.09311463858974398,0.06820075430619729,1.0943710624426153,-0.0003455893505189822,0.011776817685306806,-0.009494010965457322,65.63695503435773,566.6962687619047,570.4216064,568.845764,1,0.0030916411992477203,-561633758494.88,802337142.2,-840732069.92
2024-10-28,v2.0_gex,SPY,2026-05-18T09:14:44.650377+00:00,4.6593857142857065,23287737.22,0.0,,7396,10.0,-14644126.87,0.0061189885533905475,0.001286161565057009,-37931864.09,0.09320799549141894,0.07704987525726806,0.7079241369926005,0.0030916411992476522,0.016379096256049497,-0.004797395677214711,61.835617693859966,567.1341436666667,569.8714841999999,570.604431,1,0.00161828571569577,-578040886018.66,781245197.7,-946873618.99
2024-10-29,v2.0_gex,SPY,2026-05-18T09:14:44.650802+00:00,4.611665714285705,22730597.8,1.0,,7375,10.0,-15371837.27,0.007081780451763553,0.0034427499373148596,-38102435.07,0.09253206193698017,0.07928310009076223,1.0302397905884895,0.0016182857156956665,0.013960606697725808,-0.00265708530708908,57.89289763991507,567.5088588571429,569.5669554,571.527832,0,-0.0030252314991372664,-574474197662.24,778668810.49,-987790219.47
2024-10-30,v2.0_gex,SPY,2026-05-18T09:14:44.651227+00:00,4.677626714285712,21377085.71,2.0,,7470,10.0,-16844669.17,0.0030933155984937954,-0.0002895390621884264,-38221754.88,0.08681480429456527,0.03862104229713459,1.031942292469025,-0.0030252314991372486,0.02003113077684726,0.003494975191106864,56.449403367963924,568.0416957619047,569.9638548,569.798828,0,-0.0196031659791339,-574357047300.53,784793759.68,-835243512.62
2024-10-31,v2.0_gex,SPY,2026-05-18T09:14:44.651653+00:00,5.1793498571428485,15832691.79,3.0,,7669,10.0,-24226631.53,-0.0165526711738474,-0.016292488605033184,-40059323.32,0.11273474332069698,0.14746501422341862,1.4605677646491597,-0.01960316597913392,-0.00038673686627510584,-0.01829995735344292,35.60547904179502,568.031404047619,567.8811644,558.628967,1,0.004220450673478941,-543674652781.05,797665579.75,-28520440.63
2024-11-01,v2.0_gex,SPY,2026-05-18T09:14:44.652074+00:00,5.264952285714279,19888902.88,4.0,,7816,11.0,-20268601.73,-0.012663899212033147,-0.009398935954187282,-40157504.61,0.11345187668782393,0.15721082763613084,1.1021628891173112,0.0042204506734788705,0.005670625969140586,-0.013815926033686754,31.37981821545614,568.182033,566.3093382,560.986633,0,-0.002153798199323612,-562649593820.71,807204014.9,-188278840.54
2024-11-04,v2.0_gex,SPY,2026-05-18T09:14:44.652487+00:00,5.1421487142857085,17572848.6,0.0,,7771,11.0,-20494611.43,-0.01453322589659034,-0.007738708925199123,-38067460.04,0.10908499424837936,0.14907485920836902,0.9273815344121933,-0.0021537981993235977,-0.005532273468593196,-0.01897295115817288,34.5906243516618,568.0337437142856,564.1441282,559.778381,1,0.012091708486326886,-514461392732.06,785289462.58,-155095445.83
2024-11-05,v2.0_gex,SPY,2026-05-18T09:14:44.652915+00:00,5.356869285714278,23321964.95,1.0,,7721,11.0,-10733937.27,-0.0033477619107639134,0.0060358640367257355,-34055902.22,0.11204423984207562,0.18659449785837715,0.9697392032210934,0.012091708486326791,0.01567459453492237,-0.008714840679884817,42.374791093231195,568.4500935714286,563.1479734,566.547058,1,0.02486558671707025,-470266688109.17,780197573.59,-674796144.97
2024-11-06,v2.0_gex,SPY,2026-05-18T09:14:44.653355+00:00,6.147695428571418,28448143.51,2.0,,7932,11.0,3194592.5,0.019934647493318858,0.027098971774830005,-25253551.01,0.13644856859537277,0.2621808479629834,1.6166029504413468,0.024865586717070176,0.031177534445542943,0.019016808156720355,58.51792710380622,569.286065952381,565.3151244,580.634583,1,0.007732271090025541,-534039025711.36,750577332.83,-2031340789.99
2024-11-07,v2.0_gex,SPY,2026-05-18T09:14:44.653776+00:00,6.328040142857129,27155380.0,3.0,,8093,11.0,824999.24,0.026263431431209572,0.025428801634861165,-26330380.76,0.1368779248330031,0.15874268842206984,1.1082415010184141,0.007732271090025611,0.032002751620694436,0.047429047838831506,60.3299547479375,570.1501087142857,570.6141723999999,585.124207,1,0.0043315316127401655,-562739388868.79,758384125.66,-2041530095.5
2024-11-08,v2.0_gex,SPY,2026-05-18T09:14:44.654195+00:00,6.312596714285705,28960648.89,4.0,,8134,11.0,944420.27,0.028846497728460374,0.020331861776050397,-28016228.62,0.13667687732155268,0.15852252853539403,1.0869440062906917,0.004331531612740136,0.03828986236192122,0.047544908258090324,63.24593094650916,571.1820881904762,575.948584,587.658691,1,0.0009529306867684259,-563220656908.85,767098141.46,-1870628922.81
2024-11-11,v2.0_gex,SPY,2026-05-18T09:14:44.654612+00:00,6.245933285714281,26812499.64,0.0,,8224,11.0,-4523833.51,0.028211726996079323,0.011316417990153038,-31336333.16,0.13584559443277738,0.14537273081602767,0.8842520304273391,0.0009529306867683829,0.03309295553222524,0.05080637081623918,63.98042310924908,572.0793427619047,581.6366456,588.218689,0,-0.003106344688072358,-610543390336.44,754044311.25,-1670445757.88
2024-11-12,v2.0_gex,SPY,2026-05-18T09:14:44.655025+00:00,5.966652142857145,26696527.64,1.0,,8192,11.0,-4692098.48,0.023964384349452805,0.0013421136925881871,-31388626.12,0.13455042612033521,0.16927250668412683,1.0041076966779645,-0.00310634468807236,0.0215293949929678,0.03502695975521242,68.27052761866533,572.6678466190476,585.6055298,586.391479,1,0.0004857710423858338,-577814437171.95,765982319.86,-1283811404.61
2024-11-13,v2.0_gex,SPY,2026-05-18T09:14:44.655452+00:00,6.021383357142862,28225330.87,2.0,,8207,11.0,-3687645.3,0.02300686741957514,-0.00023439868215224813,-31912976.17,0.13071803939939516,0.06516351742616766,1.1148778565534996,0.0004857710423857853,0.030028673331258027,0.010405422234383233,67.67071090014053,573.4822997619048,586.8138794,586.676331,0,-0.006430121347438612,-576831699621.39,773335965.96,-1229454144.46
2024-11-14,v2.0_gex,SPY,2026-05-18T09:14:44.655874+00:00,5.935772571428572,26240858.01,3.0,,8152,11.0,-7816887.32,0.015513442747324913,-0.005910763236714467,-34057745.33,0.13299518467320495,0.06556140890312434,0.9069589692330305,-0.006430121347438589,0.018976484897882617,-0.0037945379347466,63.14544681395744,573.9992268571428,586.3698242,582.903931,0,-0.012808606363644495,-579318772415.68,787594537.16,-871107402.33
2024-11-15,v2.0_gex,SPY,2026-05-18T09:14:44.656294+00:00,6.344154928571429,23438972.07,4.0,,8076,11.0,-11239395.49,0.0022284090614086427,-0.014535910558040932,-34678367.56,0.14132685269841921,0.09060116581075732,1.6933126469730282,-0.012808606363644448,0.005838532420592291,-0.02079599466010451,54.08362889086682,574.1582844761904,583.9256348,575.437744,1,0.004097275551671265,-567469624013.22,806986607.9,-358061229.95
2024-11-18,v2.0_gex,SPY,2026-05-18T09:14:44.656718+00:00,6.320997285714294,25728391.39,0.0,,7808,11.0,-11800545.76,0.00604300497118837,-0.006952965262307154,-37528937.15,0.14140877197076582,0.10364255515059216,0.8248986281196615,0.0040972755516712756,0.006089718306374614,-0.017719970811740038,55.17017035047281,574.3248232380953,581.8409912,577.795471,1,0.003655589401461333,-606211152733.08,817883094.93,-447734702.13
2024-11-19,v2.0_gex,SPY,2026-05-18T09:14:44.657143+00:00,6.5301013571428665,24165692.87,1.0,,7631,11.0,-7825777.39,0.00917240444501366,-0.0010965093980292995,-31991470.27,0.14168558418239985,0.11593418097811259,1.0866032595207584,0.003655589401461379,0.01142854168883356,-0.011057161013078187,58.28637856446072,574.6368523809523,580.5442261999999,579.907654,1,0.0003387987701917305,-457240939470.81,809243178.4,-585047629.32
2024-11-20,v2.0_gex,SPY,2026-05-18T09:14:44.657571+00:00,6.150470928571435,22770590.32,2.0,,7538,11.0,-11133459.3,0.008924571831978811,0.001509488673304471,-33904049.62,0.14163465046115087,0.11572237769500836,1.0822885066836698,0.0003387987701917172,0.01230895059931858,-0.011202437618026306,71.46517468664513,574.9727404761904,579.2297851999999,580.104126,1,0.005368341407039233,-468512386737.69,821705277.22,-662770824.49
2024-11-21,v2.0_gex,SPY,2026-05-18T09:14:44.657995+00:00,6.203804857142862,25311639.01,3.0,,7563,11.0,-5583685.31,0.01304842341698187,0.006776642700089042,-30895324.33,0.13791226388820674,0.11904353280272753,1.0139652090552012,0.005368341407039123,0.027128572068393364,0.0005393547431749024,71.89029422295641,575.706263904762,579.2926636,583.218323,1,0.0030993830761382583,-476499548179.98,820525266.63,-1011311829.31
2024-11-22,v2.0_gex,SPY,2026-05-18T09:14:44.658412+00:00,6.090830428571435,26448030.11,4.0,,7572,11.0,-6348423.61,0.0148465573003278,0.006564985482222285,-32796453.72,0.13802577852250042,0.029457891100160248,0.8263200564251784,0.003099383076138329,0.028088452576327194,0.016662438465280927,74.56984742227257,576.4673839523809,581.2103028,585.02594,1,0.00339194361193625,-488586521478.76,821821944.76,-1100016747.74
2024-11-25,v2.0_gex,SPY,2026-05-18T09:14:44.658832+00:00,6.001714428571437,26953231.67,0.0,,7544,11.0,-6196333.13,0.01676322523384277,0.006786761335102698,-33149564.8,0.13806403692121047,0.028692327811073413,0.9220145276326266,0.003391943611936288,0.03193229544731202,0.015948280079197685,71.9587106287614,577.3323625714286,583.0532716,587.010315,1,0.005221584564489244,-499577429523.73,793078909.97,-1129459278.47
2024-11-26,v2.0_gex,SPY,2026-05-18T09:14:44.659270+00:00,5.199662714285727,29803968.85,1.0,,7612,11.0,-782155.42,0.020433532833778134,0.008526273633499448,-30586124.26,0.13856644972235854,0.032263322323256106,0.9755079161919192,0.005221584564489179,0.03412347844175789,0.017533455421507416,63.26989847231263,578.2595534285714,585.0868286,590.075439,0,-0.0030300583312365095,-494327414820.02,795492661.78,-1222145184.8
