quarter,date,pattern_detected,who,whom,what_mechanism,intensity_language,context_factors,confidence,caveats
Q1,2024-01-26,True,Market makers and dealers,Retail and institutional investors,"The negative net gamma of $-33.50B indicates that market makers are likely to be short gamma, which compels them to sell SPY as the price rises and buy as it falls. This creates a pro-cyclical pressure, where upward price movements lead to further selling by dealers to hedge their positions, amplifying volatility. As SPY approaches key levels, the cascading effect of forced selling can lead to significant price swings, reinforcing a feedback loop that exacerbates market movements. This dynamic can create momentum in either direction, depending on the prevailing sentiment among investors.",Strong amplification,"Concentrated short gamma positioning among market makers, leading to heightened sensitivity to price movements and reinforcing feedback loops. The presence of clustered open interest near the spot price further intensifies the mechanism, as it creates a focal point for dealer hedging activities.",85,[]
Q1,2024-03-25,True,Market makers and dealers,Retail and institutional investors,"The negative net gamma of $-35.41B indicates that market makers are likely to be short gamma, which compels them to sell underlying assets as the price rises and buy as it falls. This creates a pro-cyclical pressure, where upward price movements lead to further selling by dealers to hedge their positions, amplifying volatility. The cascading effect of this selling can lead to a reinforcing feedback loop, where the initial price movements trigger additional dealer actions, thereby accelerating the downward momentum in the SPY price.",Strong amplification,"Concentrated gamma positioning at key strikes, leading to significant dealer hedging activity that exacerbates price movements. The negative net gamma suggests a concentrated exposure that can lead to pronounced market reactions.",85,[]
Q1,2024-03-27,True,Market makers and dealers,Retail and institutional traders,"The negative net gamma of $-37.16B indicates that market makers are likely to be short gamma, which compels them to sell underlying assets as the price rises and buy as it falls. This creates a pro-cyclical pressure, where upward price movements lead to further selling by dealers to hedge their positions, amplifying volatility. The cascading effect of this selling can create a feedback loop, where the initial price increase triggers more selling, leading to a potential acceleration of downward momentum if the price begins to fall.",Strong amplification,"Concentrated short gamma positioning among market makers, leading to significant dealer hedging activity that reinforces price movements. The absence of a gamma flip point suggests a lack of counterbalancing forces that could stabilize the market, further intensifying the effects of the negative gamma.",85,[]
Q1,2024-03-21,True,Market makers and dealers,Retail and institutional investors,"The negative net gamma of $-32.28B indicates that market makers are likely to be short gamma, which compels them to sell underlying assets as prices rise and buy them as prices fall. This creates a pro-cyclical pressure, amplifying price movements in the direction of the underlying asset's momentum. As SPY's spot price fluctuates, the dealers' need to hedge their positions leads to cascading effects, where their buying and selling actions further influence market dynamics, creating a reinforcing feedback loop that can accelerate price movements.",Strong amplification,"Concentrated gamma positioning at key strikes, leading to significant dealer hedging activity that is closely tied to the underlying price movements.",85,[]
Q1,2024-02-01,True,Market makers and dealers,Retail and institutional investors,"The negative net gamma of $-32.62B indicates that market makers are likely to be short gamma, which compels them to sell underlying assets as the price rises and buy as it falls. This creates a pro-cyclical pressure, where upward price movements lead to further selling by dealers to hedge their positions, amplifying volatility. The cascading effect of this selling can create a feedback loop, where the initial price increase triggers more selling, leading to a potential downward spiral if the selling pressure intensifies.",Strong amplification,"Concentrated short gamma positioning among market makers, leading to significant dealer hedging activity that reinforces price movements. The presence of clustered open interest near the spot price further exacerbates the situation, as it creates a focal point for hedging activities.",85,[]
Q1,2024-02-22,True,Market makers and dealers,Retail and institutional investors,"The negative net gamma of $-30.07B indicates that market makers are likely to be short gamma, which compels them to sell underlying assets as the price rises and buy as it falls. This creates a pro-cyclical pressure, where upward price movements lead to further selling by dealers to hedge their positions, amplifying volatility. The cascading effect of this selling can create a feedback loop, where the initial price movements trigger additional dealer actions, reinforcing the downward momentum in the market.",Strong amplification,"Concentrated short gamma positioning among market makers, leading to significant selling pressure as prices rise, and a clustered open interest that exacerbates the impact of dealer hedging activities.",85,[]
Q1,2024-02-21,True,Market makers and dealers,Retail and institutional investors,"The negative net gamma of $-37.82B indicates that market makers are positioned to sell more options than they are buying, creating a scenario where they must hedge their exposure by selling underlying assets as the price moves. This selling pressure can force retail and institutional investors to react, potentially leading to cascading sell-offs as they adjust their positions in response to the downward momentum. The mechanism propagates through the market as the initial selling by dealers amplifies the downward price movement, triggering further selling from other market participants who may be forced to liquidate positions or hedge against losses.",Strong amplification,"Concentrated gamma positioning at key strikes, leading to significant dealer hedging activity that reinforces downward price pressure.",85,[]
Q1,2024-02-20,True,Market makers and dealers,Retail and institutional investors,"The negative net gamma of $-35.44B indicates that market makers are likely to be short gamma, which compels them to sell underlying assets as the price rises and buy as it falls. This creates a pro-cyclical pressure, where upward price movements lead to further selling by dealers to hedge their positions, amplifying volatility. The mechanism propagates through the market as retail and institutional investors react to price movements, potentially exacerbating the initial price changes and creating a cascading effect of buying and selling.",Strong amplification,"Concentrated short gamma positioning among market makers, leading to significant dealer hedging activity that reinforces price movements. The absence of a gamma flip point suggests a lack of counterbalancing forces that could stabilize the market.",85,[]
Q1,2024-02-29,True,Market makers and dealers,Retail and institutional investors,"The negative net gamma of $-38.99B indicates that market makers are likely to be short gamma, which compels them to sell underlying assets as the price rises and buy as it falls. This creates a pro-cyclical pressure, where upward price movements lead to further selling by dealers to hedge their positions, amplifying volatility. The cascading effect of this selling can create a feedback loop, where the initial price increase triggers more selling, leading to a potential downward spiral if the selling pressure intensifies.",Strong amplification,"Concentrated short gamma positioning among market makers, leading to significant dealer hedging activity that reinforces price movements. The absence of a gamma flip point suggests a lack of counterbalancing forces that could stabilize the market, further intensifying the effects of the negative gamma.",85,[]
Q1,2024-02-06,True,Market makers and dealers,Retail and institutional investors,"The negative net gamma of $-36.62B indicates that market makers are positioned to sell volatility, which creates a forcing mechanism where they must hedge their short gamma exposure. As SPY's spot price moves, these dealers are compelled to sell more shares to maintain their delta neutrality, thereby amplifying downward price movements. This cascading effect can lead to a reinforcing feedback loop, where falling prices trigger further selling by market makers, creating momentum that can exacerbate the decline in SPY's price.",Strong amplification,"Concentrated negative gamma positioning at key strikes, leading to significant dealer hedging activity that reinforces downward price pressure.",85,[]
Q1,2024-01-25,True,Market makers and dealers,Retail and institutional investors,"The negative net gamma of $-34.39B indicates that market makers are likely to be short gamma, which compels them to sell underlying assets as the price rises and buy as it falls. This creates a pro-cyclical pressure, where upward price movements lead to further selling by dealers to hedge their positions, amplifying volatility. As retail and institutional investors react to price movements, their buying or selling can trigger cascading effects, reinforcing the initial price direction and creating a feedback loop that intensifies market dynamics.",Strong amplification,"Concentrated gamma positioning at key strikes, leading to significant dealer hedging activity that exacerbates price movements. The negative net gamma suggests a concentrated short gamma exposure, which heightens the sensitivity of the market to price changes.",85,[]
Q1,2024-01-11,True,Market makers and dealers,Retail and institutional investors,"The negative net gamma of $-37.27B indicates that market makers are likely being forced to sell SPY as the price moves higher, creating a cascading effect. As SPY's spot price rises, dealers must hedge their short gamma positions by selling more shares, which amplifies downward pressure on the price. This mechanism propagates through the market as retail and institutional investors react to the price movements, potentially leading to further selling and reinforcing the downward momentum. The negative gamma creates a pro-cyclical pressure that accelerates the price decline, as the actions of market makers directly influence the behavior of other market participants.",Strong amplification,"Concentrated negative gamma positioning at key strikes, leading to significant dealer hedging activity that exacerbates price movements.",85,[]
Q1,2024-03-06,True,Market makers and dealers,Retail and institutional investors,"The negative net gamma of $-36.97B indicates that market makers are likely to be short gamma, which compels them to sell underlying assets as the price rises and buy as it falls. This creates a pro-cyclical pressure, where upward price movements lead to further selling by dealers to hedge their positions, amplifying volatility. The cascading effect of this selling can create a feedback loop, where the initial price increase triggers more selling, leading to a potential acceleration of downward momentum if the price begins to fall.",Strong amplification,"Concentrated short gamma positioning among market makers, leading to significant dealer hedging activity that reinforces price movements. The presence of clustered open interest near the spot price further intensifies the impact of dealer actions.",85,[]
Q1,2024-01-19,True,Market makers and dealers,Retail and institutional investors,"The negative net gamma of $-25.47B indicates that market makers are likely to be short gamma, which compels them to sell underlying assets as the price rises and buy as it falls. This creates a pro-cyclical pressure, where upward price movements lead to further selling by dealers to hedge their positions, amplifying volatility. The cascading effect of this selling can create momentum in the market, pushing prices down further, which in turn forces additional buying from market makers to adjust their hedges, creating a reinforcing feedback loop of price movement.",Strong amplification,"Concentrated short gamma positioning among dealers, leading to significant pro-cyclical pressure on SPY as they adjust their hedges in response to price movements.",85,[]
Q1,2024-01-10,True,Market makers and dealers,Retail and institutional investors,"The negative net gamma of $-34.36B indicates that market makers are likely to be short gamma, which compels them to sell underlying assets as the price rises and buy as it falls. This creates a pro-cyclical pressure, where upward price movements lead to further selling by dealers to hedge their positions, amplifying volatility. As the SPY spot price approaches critical levels, the cascading effect of forced selling can accelerate downward momentum, creating a reinforcing feedback loop that intensifies market movements.",Strong amplification,"Concentrated gamma positioning at key strikes, leading to significant dealer hedging activity that exacerbates price movements. The negative net gamma suggests a concentrated short gamma exposure, which heightens the sensitivity of the market to price changes.",85,[]
Q1,2024-01-17,True,Market makers and dealers,Retail and institutional investors,"The negative net gamma of $-39.44B indicates that market makers are positioned to sell more options than they are buying, creating a pro-cyclical pressure on the underlying SPY. As the spot price of SPY at $472.19 fluctuates, market makers are forced to hedge their short gamma exposure by selling SPY when prices rise and buying when prices fall. This dynamic creates a reinforcing feedback loop, where price movements lead to further selling or buying, amplifying volatility and momentum in the market. The negative gamma positioning effectively accelerates price movements, as the actions of market makers to hedge their positions can lead to cascading effects across the market.",Strong amplification,"Concentrated gamma positioning at key strikes, leading to significant dealer hedging activity that exacerbates price movements. The negative net gamma suggests that market makers are heavily exposed to directional risk, which can lead to pronounced volatility in SPY's price.",85,[]
Q1,2024-03-15,True,Market makers and dealers,Retail and institutional investors,"The negative net gamma of $-29.84B indicates that market makers are likely to be short gamma, which compels them to sell underlying assets as the price rises and buy as it falls. This creates a pro-cyclical pressure, where upward price movements lead to further selling by dealers to hedge their positions, amplifying volatility. The cascading effect of this selling can create a feedback loop, where the initial price movements trigger additional dealer actions, reinforcing the downward momentum in the market.",Strong amplification,"Concentrated gamma positioning at key strikes, leading to significant dealer hedging activity that exacerbates price movements. The negative net gamma suggests a concentrated exposure that can lead to sharp price fluctuations as dealers adjust their positions in response to market movements.",85,[]
Q1,2024-03-18,True,Market makers and dealers,Retail and institutional investors,"The negative net gamma of $-30.63B indicates that market makers are positioned to sell volatility, which creates a forcing mechanism where they must hedge their short gamma exposure. As the SPY spot price moves, these dealers are compelled to sell more shares to maintain their delta-neutral positions, thereby exerting downward pressure on the SPY price. This action can trigger a cascading effect, where the selling by market makers amplifies the downward momentum, leading to further selling by investors who react to the price movement, creating a reinforcing feedback loop.",Strong amplification,"Concentrated gamma positioning at key strikes, leading to significant dealer hedging activity that exacerbates price movements.",85,[]
Q1,2024-03-26,True,Market makers and dealers,Retail and institutional investors,"The negative net gamma of $-37.68B indicates that market makers are likely to be short gamma, which compels them to sell underlying assets as the price rises and buy as it falls. This creates a pro-cyclical pressure, amplifying price movements in the direction of the underlying asset. As SPY's spot price fluctuates, the dealers' need to hedge their positions leads to cascading effects, where each price movement triggers further buying or selling, reinforcing the momentum in the market. This dynamic can create a feedback loop, where the initial price changes lead to more pronounced movements, further influencing investor behavior.",Strong amplification,"Concentrated gamma positioning at key strikes, leading to significant dealer hedging activity that exacerbates price movements.",85,[]
Q1,2024-01-30,True,Market makers and dealers,Retail and institutional investors,"The negative net gamma of $-31.42B indicates that market makers are likely to be short gamma, which compels them to sell underlying assets as the price rises and buy as it falls. This creates a pro-cyclical pressure, where upward price movements lead to further selling by dealers to hedge their positions, amplifying volatility. The cascading effect of this selling can create a feedback loop, where the initial price increase triggers more selling, leading to a potential downward spiral if the selling pressure intensifies.",Strong amplification,"Concentrated gamma positioning at key strikes, leading to significant dealer hedging activity that reinforces price movements. The negative net gamma suggests that dealers are heavily exposed to price fluctuations, which can exacerbate volatility in the underlying asset.",85,[]
Q1,2024-01-22,True,Market makers and dealers,Retail and institutional traders,"The negative net gamma of $-28.90B indicates that market makers are likely to be short gamma, which compels them to sell underlying assets as the price rises and buy as it falls. This creates a pro-cyclical pressure, where upward price movements lead to further selling by dealers to hedge their positions, amplifying volatility. The cascading effect of this selling can create a feedback loop, where the initial price increase triggers more selling, leading to a potential downward spiral if the selling pressure intensifies.",Strong amplification,"Concentrated gamma positioning at key strikes, leading to significant dealer hedging activity that reinforces price movements. The negative net gamma suggests that dealers are heavily exposed to price fluctuations, which can exacerbate volatility in the SPY market.",85,[]
Q1,2024-01-31,True,Market makers and dealers,Retail and institutional investors,"The negative net gamma of $-34.83B indicates that market makers are likely to be short gamma, which compels them to sell underlying assets as the price rises and buy as it falls. This creates a pro-cyclical pressure, where upward price movements lead to further selling by dealers to hedge their positions, amplifying volatility. As retail and institutional investors react to price movements, their buying or selling can trigger cascading effects, reinforcing the initial price direction and creating a feedback loop that intensifies market dynamics.",Strong amplification,"Concentrated gamma positioning at key strikes, leading to significant dealer hedging activity that exacerbates price movements. The negative net gamma suggests a concentrated short position that can lead to rapid adjustments in response to market fluctuations.",85,[]
Q1,2024-02-15,True,Market makers and dealers,Retail and institutional investors,"The negative net gamma of $-39.40B indicates that market makers are likely being forced to sell SPY as the price moves higher, creating a cascading effect. As SPY's spot price rises, dealers must hedge their short gamma positions by selling more shares, which amplifies downward pressure on the price. This mechanism propagates through the market as retail and institutional investors react to the price movements, potentially leading to further selling and reinforcing the downward momentum. The negative gamma creates a pro-cyclical pressure that exacerbates price declines, creating a feedback loop of selling.",Strong amplification,"Concentrated negative gamma positioning at key strikes, leading to significant dealer hedging activity that reinforces downward price movements.",85,[]
Q1,2024-03-05,True,Market makers and dealers,Retail and institutional investors,"The negative net gamma of $-38.10B indicates that market makers are likely to be short gamma, which compels them to sell underlying assets as the price rises and buy as it falls. This creates a pro-cyclical pressure, where upward price movements lead to further selling by dealers to hedge their positions, amplifying volatility. The cascading effect of this selling can lead to a reinforcing feedback loop, where the initial price movements trigger additional dealer actions, thereby accelerating the downward momentum in the SPY price.",Strong amplification,"Concentrated short gamma positioning among market makers, leading to significant dealer hedging activity that is closely tied to the spot price movements. This concentrated positioning creates a scenario where small price changes can lead to large dealer responses, further intensifying market dynamics.",85,[]
Q1,2024-02-28,True,Market makers and dealers,Retail and institutional investors,"The negative net gamma of $-37.44B indicates that market makers are likely to be short gamma, which compels them to sell underlying assets as the price rises and buy as it falls. This creates a pro-cyclical pressure, where upward price movements lead to further selling by dealers to hedge their positions, amplifying volatility. The cascading effect of this selling can create a feedback loop, where the initial price increase triggers more selling, leading to a potential acceleration of downward momentum if the price begins to fall.",Strong amplification,"Concentrated gamma positioning at key strikes, leading to significant dealer hedging activity that reinforces price movements. The negative net gamma suggests that dealers are heavily exposed to price fluctuations, which can exacerbate volatility in the underlying asset.",85,[]
Q4,2024-11-21,True,Market makers and dealers,Retail and institutional investors,"The negative net gamma of $-35.54B indicates that market makers are likely to be short gamma, which compels them to sell underlying assets as the price rises and buy as it falls. This creates a pro-cyclical pressure, where upward price movements lead to further selling by dealers to hedge their positions, amplifying volatility. The cascading effect of this selling can create a feedback loop, where the initial price movements trigger additional dealer actions, reinforcing the downward momentum in the market.",Strong amplification,"Concentrated gamma positioning at key strikes, leading to significant dealer hedging activity that exacerbates price movements. The negative net gamma suggests a concentrated exposure that can lead to sharp price fluctuations as dealers adjust their positions.",85,[]
Q4,2024-12-23,True,Market makers and dealers,Retail and institutional investors,"The negative net gamma of $-35.49B indicates that market makers are likely to be short gamma, which compels them to sell underlying assets as the price rises and buy as it falls. This creates a pro-cyclical pressure, where upward price movements lead to further selling by dealers to hedge their positions, amplifying volatility. The cascading effect of this selling can create a feedback loop, where the initial price increase triggers more selling, leading to a potential downward spiral in prices as market participants react to the amplified volatility.",Strong amplification,"Concentrated gamma positioning at key strikes, leading to significant dealer hedging activity that reinforces price movements. The negative net gamma suggests that dealers are heavily exposed to price fluctuations, which can exacerbate market dynamics.",85,[]
Q4,2024-11-20,True,Market makers and dealers,Retail and institutional investors,"The negative net gamma of $-33.08B indicates that market makers are likely to be short gamma, which compels them to sell underlying assets as the price rises and buy them as the price falls. This creates a pro-cyclical pressure, where upward price movements lead to further selling by dealers to hedge their positions, amplifying volatility. The cascading effect of this selling can lead to a reinforcing feedback loop, where the initial price movements trigger additional dealer actions, thereby accelerating the downward momentum in the SPY price.",Strong amplification,"Concentrated gamma positioning at key strikes, leading to significant dealer hedging activity that exacerbates price movements. The negative net gamma suggests that dealers are heavily exposed to price fluctuations, which can create a highly concentrated response to market movements.",85,[]
Q4,2024-12-27,True,Market makers and dealers,Retail and institutional investors,"The negative net gamma of $-33.97B indicates that market makers are likely to be short gamma, which compels them to sell underlying assets as the price rises and buy as it falls. This creates a pro-cyclical pressure, where upward price movements lead to further selling by dealers to hedge their positions, amplifying volatility. The cascading effect of this selling can create a feedback loop, where the initial price increase triggers more selling, leading to a potential acceleration of downward momentum if the price begins to fall.",Strong amplification,"Concentrated short gamma positioning among market makers, leading to significant dealer hedging activity that reinforces price movements. The absence of a gamma flip point suggests a lack of counterbalancing forces that could stabilize the market, further intensifying the effects of the negative gamma.",85,[]
Q4,2024-11-13,True,Market makers and dealers,Retail and institutional investors,"The negative net gamma of $-36.66B indicates that market makers are likely to be short gamma, which compels them to sell underlying assets as the price rises and buy as it falls. This creates a pro-cyclical pressure, where upward price movements lead to further selling by dealers to hedge their positions, amplifying volatility. The cascading effect of this selling can create a feedback loop, where the initial price increase triggers more selling, leading to a potential downward spiral if the selling pressure intensifies.",Strong amplification,"Concentrated gamma positioning at key strikes, leading to significant dealer hedging activity that reinforces price movements. The negative net gamma suggests that dealers are heavily exposed to price fluctuations, which can exacerbate volatility in the underlying asset.",85,[]
Q4,2024-12-18,True,Market makers and dealers,Retail and institutional investors,"The negative net gamma of $-31.95B indicates that market makers are likely to be short gamma, which compels them to sell underlying assets as the price rises and buy as it falls. This creates a pro-cyclical pressure, where upward price movements lead to further selling by dealers to hedge their positions, amplifying volatility. The cascading effect of this selling can create a reinforcing feedback loop, driving prices lower and increasing the intensity of market reactions as investors react to the downward momentum.",Strong amplification,"Concentrated gamma positioning at key strikes, leading to significant dealer hedging activity that exacerbates price movements. The negative net gamma suggests that dealers are heavily exposed to price fluctuations, which can lead to pronounced market reactions.",85,[]
Q4,2024-10-24,True,Market makers and dealers,Retail and institutional investors,"The negative net gamma of $-35.84B indicates that market makers are likely to be short gamma, which compels them to sell underlying assets as the price rises and buy as it falls. This creates a pro-cyclical pressure, where upward price movements lead to further selling by dealers to hedge their positions, amplifying volatility. The mechanism propagates through the market as retail and institutional investors react to price movements, potentially exacerbating the initial price changes and creating a cascading effect of buying and selling.",Strong amplification,"Concentrated gamma positioning at key strikes, leading to significant dealer hedging activity that reinforces price movements. The negative net gamma suggests a concentrated short position that can lead to sharp price fluctuations.",85,[]
Q4,2024-11-05,True,Market makers and dealers,Retail and institutional investors,"The negative net gamma of $-28.89B indicates that market makers are likely to be short gamma, which compels them to sell underlying assets as the price rises and buy as it falls. This creates a pro-cyclical pressure, where upward price movements lead to further selling by dealers to hedge their positions, amplifying volatility. The mechanism propagates through the market as retail and institutional investors react to price movements, potentially exacerbating the initial price changes and creating a reinforcing feedback loop of buying and selling.",Strong amplification,"Concentrated gamma positioning at key strikes, leading to significant dealer hedging activity that is responsive to price fluctuations. This concentrated positioning can create a feedback loop that intensifies market movements.",85,[]
Q4,2024-10-09,True,Market makers and dealers,Retail and institutional investors,"The negative net gamma of $-30.80B indicates that market makers are likely to be short gamma, which compels them to hedge their positions dynamically as the SPY spot price fluctuates. This short gamma positioning forces market makers to sell SPY as prices rise and buy as prices fall, creating a reinforcing feedback loop that amplifies price movements. As SPY approaches key levels, the selling pressure from market makers can accelerate downward momentum, leading to cascading effects where retail and institutional investors react to the price movements, further intensifying the downward trend.",Strong amplification,"Concentrated short gamma positioning among market makers, leading to pro-cyclical pressure on SPY prices as they hedge their exposure. The lack of a gamma flip point suggests a clear directional bias in the market, reinforcing the intensity of the mechanism.",85,[]
Q4,2024-11-19,True,Market makers and dealers,Retail and institutional traders,"The negative net gamma of $-32.61B indicates that market makers are likely being forced to sell SPY as the price moves higher, creating a cascading effect. As SPY's spot price rises, dealers must hedge their short gamma positions by selling more shares, which amplifies downward pressure on the price. This mechanism propagates through the market as retail and institutional traders react to the price movements, potentially leading to a reinforcing feedback loop where further selling by dealers accelerates downward momentum, prompting additional selling from other market participants.",Strong amplification,"Concentrated gamma positioning at key strikes, leading to significant dealer hedging activity that exacerbates price movements.",85,[]
Q4,2024-10-18,True,Market makers and dealers,Retail and institutional investors,"The negative net gamma of $-28.13B indicates that market makers are likely to be short gamma, which compels them to sell underlying assets as the price rises and buy as it falls. This creates a pro-cyclical pressure, where upward price movements lead to further selling by dealers to hedge their positions, amplifying volatility. The cascading effect of this selling can create a feedback loop, where the initial price increase triggers more selling, leading to a potential downward spiral if the selling pressure intensifies.",Strong amplification,"Concentrated gamma positioning at key strikes, leading to significant dealer hedging activity that reinforces price movements. The negative net gamma suggests that dealers are heavily exposed to price fluctuations, which can exacerbate volatility in the SPY market.",85,[]
Q4,2024-10-08,True,Market makers and dealers,Retail and institutional investors,"The negative net gamma of $-32.15B indicates that market makers are likely to be short gamma, which compels them to sell underlying assets as the price rises and buy as it falls. This creates a pro-cyclical pressure, where upward price movements lead to further selling by dealers to hedge their positions, amplifying volatility. The cascading effect of this selling can create a feedback loop, where the initial price movements trigger additional selling, thereby reinforcing the downward momentum in the market.",Strong amplification,"Concentrated gamma positioning at key strikes, leading to significant dealer hedging activity that exacerbates price movements. The negative net gamma suggests a concentrated exposure that can lead to sharp price fluctuations as market makers adjust their positions.",85,[]
Q4,2024-10-16,True,Market makers and institutional traders,Retail investors and other market participants,"The negative net gamma of $-33.81B indicates that market makers are likely to be short gamma, which compels them to sell SPY as the price rises and buy as it falls. This creates a forcing mechanism where market makers are effectively pushing retail investors to react to price movements. As SPY's spot price fluctuates, the selling pressure from market makers amplifies downward price movements, creating a cascading effect that reinforces bearish sentiment. This dynamic can lead to increased volatility as retail investors, responding to the downward momentum, may further exacerbate the selling pressure, creating a feedback loop.",Strong amplification,"Concentrated short gamma positioning among market makers, leading to pro-cyclical pressure on SPY's price movements. The negative net gamma suggests that market makers are heavily involved in hedging activities that could exacerbate price declines.",85,[]
Q4,2024-12-20,True,Market makers and dealers,Retail and institutional investors,"The negative net gamma of $-31.90B indicates that market makers are likely to be short gamma, which compels them to sell underlying assets as the price rises and buy as it falls. This creates a pro-cyclical pressure, where upward price movements lead to further selling by dealers to hedge their positions, amplifying volatility. The cascading effect of this selling can lead to a reinforcing feedback loop, where the initial price movements trigger additional dealer actions, thereby accelerating the downward momentum in the SPY price.",Strong amplification,"Concentrated gamma positioning at key strikes, leading to significant dealer hedging activity that exacerbates price movements. The negative net gamma suggests that dealers are heavily exposed to price fluctuations, which can lead to pronounced market reactions.",85,[]
Q4,2024-12-12,True,Market makers and dealers,Retail and institutional investors,"The negative net gamma of $-45.11B indicates that market makers are likely to be short gamma, which compels them to sell underlying assets as the price rises and buy as it falls. This creates a pro-cyclical pressure, where upward price movements lead to further selling by dealers, amplifying volatility and potentially driving prices down. The mechanism propagates through the market as retail and institutional investors react to the price movements, often exacerbating the initial selling pressure due to fear of further declines, creating a cascading effect.",Strong amplification,"Concentrated short gamma positioning among market makers, leading to significant selling pressure at elevated prices and reinforcing downward momentum.",85,[]
Q4,2024-10-25,True,Market makers and dealers,Retail and institutional investors,"The negative net gamma of $-30.66B indicates that market makers are likely to be short gamma, which compels them to sell underlying assets as the price rises and buy as it falls. This creates a pro-cyclical pressure, where upward price movements lead to further selling by dealers to hedge their positions, amplifying volatility. The mechanism propagates through the market as retail and institutional investors react to price movements, potentially exacerbating the initial price changes and creating a cascading effect of buying and selling.",Strong amplification,"Concentrated short gamma positioning among market makers, leading to significant dealer hedging activity that reinforces price movements.",85,[]
Q4,2024-11-01,True,Market makers and dealers,Retail and institutional investors,"The negative net gamma of $-28.15B indicates that market makers are likely to be short gamma, which compels them to sell underlying assets as the price rises and buy as it falls. This creates a pro-cyclical pressure, where upward price movements lead to further selling by dealers to hedge their positions, amplifying volatility. The mechanism propagates through the market as retail and institutional investors react to price movements, potentially exacerbating the initial price changes and creating a cascading effect of buying and selling.",Strong amplification,"Concentrated gamma positioning at key strikes, leading to significant dealer hedging activity that reinforces price movements. The negative net gamma suggests a concentrated short position that can lead to pronounced market reactions.",85,[]
Q4,2024-12-31,True,Market makers and dealers,Retail and institutional investors,"The negative net gamma of $-29.68B indicates that market makers are positioned to sell volatility, which creates a forcing mechanism where they must hedge their short gamma exposure. As SPY's spot price moves, these dealers are compelled to sell more shares to maintain their delta neutrality, thereby exerting downward pressure on the price. This action can trigger a cascading effect, where the selling by market makers amplifies the downward momentum, leading to further selling by investors who react to the price decline, creating a reinforcing feedback loop.",Strong amplification,"Concentrated short gamma positioning among market makers, leading to significant selling pressure as the spot price fluctuates. The lack of a gamma flip point suggests that the market is heavily skewed towards negative gamma, enhancing the intensity of the mechanism.",85,[]
Q4,2024-10-30,True,Market makers and dealers,Retail and institutional investors,"The negative net gamma of $-32.63B indicates that market makers are likely to be short gamma, which compels them to sell underlying assets as the price rises and buy as it falls. This creates a pro-cyclical pressure, where upward price movements lead to further selling by dealers to hedge their positions, amplifying volatility. The cascading effect of this selling can create a feedback loop, where the initial price movements trigger additional dealer actions, reinforcing the downward momentum in the market.",Strong amplification,"Concentrated gamma positioning at key strikes, leading to significant dealer hedging activity that exacerbates price movements. The negative net gamma suggests a concentrated exposure that can lead to pronounced market reactions.",85,[]
Q4,2024-10-21,True,Market makers and dealers,Retail and institutional investors,"The negative net gamma of $-30.42B indicates that market makers are likely to be short gamma, which compels them to sell underlying assets as the price rises and buy as it falls. This creates a pro-cyclical pressure, where upward price movements lead to further selling by dealers to hedge their positions, amplifying volatility. The cascading effect of this selling can create a feedback loop, where the initial price increase triggers more selling, leading to a potential downward spiral if the selling pressure intensifies.",Strong amplification,"Concentrated gamma positioning at key strikes, leading to significant dealer hedging activity that reinforces price movements. The negative net gamma suggests that dealers are heavily exposed to price fluctuations, which can exacerbate market volatility.",85,[]
Q4,2024-10-31,True,Market makers and dealers,Retail and institutional investors,"The negative net gamma of $-28.61B indicates that market makers are likely to be short gamma, which compels them to sell underlying assets as the price rises and buy as it falls. This creates a pro-cyclical pressure, where upward price movements lead to further selling by dealers to hedge their positions, amplifying volatility. The cascading effect of this selling can create a feedback loop, where the initial price increase triggers more selling, leading to a potential acceleration of downward momentum if the price begins to fall.",Strong amplification,"Concentrated gamma positioning at key strikes, leading to significant dealer hedging activity that reinforces price movements. The negative net gamma suggests a concentrated exposure that can exacerbate volatility in the underlying asset.",85,[]
Q4,2024-11-26,True,Market makers and dealers,Retail and institutional investors,"The negative net gamma of $-36.53B indicates that market makers are likely to be short gamma, which compels them to sell underlying assets as the price rises and buy as it falls. This creates a pro-cyclical pressure, where upward price movements lead to further selling by dealers to hedge their positions, amplifying volatility. The mechanism propagates through the market as retail and institutional investors react to price movements, potentially exacerbating the initial price changes and creating a reinforcing feedback loop of buying and selling.",Strong amplification,"Concentrated gamma positioning at key strikes, leading to significant dealer hedging activity that is sensitive to price movements. The negative net gamma suggests a concentrated exposure that can lead to pronounced market reactions.",85,[]
Q4,2024-12-06,True,Market makers and dealers,Retail and institutional investors,"The negative net gamma of $-37.31B indicates that market makers are likely to be short gamma, which compels them to sell underlying assets as the price rises and buy as it falls. This creates a pro-cyclical pressure, where upward price movements lead to further selling by dealers to hedge their positions, amplifying volatility. The cascading effect of this selling can create a feedback loop, where the initial price increase triggers more selling, leading to a potential downward spiral if the selling pressure intensifies.",Strong amplification,"Concentrated gamma positioning at key strikes, leading to significant dealer hedging activity that reinforces price movements. The negative net gamma suggests that dealers are heavily exposed to price fluctuations, which can exacerbate volatility and create a more reactive market environment.",85,[]
Q4,2024-11-11,True,Market makers and dealers,Retail and institutional investors,"The negative net gamma of $-30.98B indicates that market makers are likely to be short gamma, which compels them to hedge their positions dynamically as the SPY spot price fluctuates. This short gamma positioning creates a forcing mechanism where market makers must sell SPY as prices rise and buy as prices fall, leading to a reinforcing feedback loop. This action can amplify price movements, creating momentum in either direction, as the dealers' hedging activities respond to the buying and selling pressures from retail and institutional investors.",Strong amplification,"Concentrated short gamma positioning at key strikes, leading to significant dealer hedging activity that exacerbates price movements. The market structure is characterized by a high concentration of open interest around the current spot price, which further intensifies the feedback loop as dealers adjust their hedges in response to price changes.",85,[]
Q4,2024-10-03,True,Market makers and dealers,Retail and institutional investors,"The negative net gamma of $-31.19B indicates that market makers are likely to be short gamma, which compels them to sell underlying assets as the price rises and buy as it falls. This creates a pro-cyclical pressure, where upward price movements lead to further selling by dealers to hedge their positions, amplifying volatility. The cascading effect of this selling can create momentum in the market, as retail and institutional investors react to the price movements, potentially leading to a feedback loop that exacerbates the initial price changes.",Strong amplification,"Concentrated short gamma positioning among market makers, leading to significant dealer hedging activity that reinforces price movements. The absence of a gamma flip point suggests a lack of counterbalancing forces that could stabilize the market, further intensifying the effects of the negative gamma.",85,[]
